Date,FUND_TOTAL_ASSETS,FUND_NET_ASSET_VAL,TURNOVER,FUND_FLOW,TOT_RETURN_INDEX_GROSS_DVDS,FundTicker,SectorSheet
2015-10-30,,,,,,NANR,Energy
2015-11-30,,,,,,NANR,Energy
2015-12-31,690.8478,25.0554,682331500,674.9935,25.133,NANR,Energy
2016-01-29,666.6469,23.8559,32350220,14.04,23.8328,NANR,Energy
2016-02-29,765.3719,26.628,24544720,9.5584,26.6832,NANR,Energy
2016-03-31,733.0206,29.1676,113693600,-92.1308,29.1435,NANR,Energy
2016-04-29,869.8408,34.2457,36653510,-0.3745,34.2541,NANR,Energy
2016-05-31,796.2744,32.5748,45916410,-30.5444,32.5539,NANR,Energy
2016-06-30,838.9061,34.0459,23859930,0,34.3467,NANR,Energy
2016-07-29,829.0419,35.0303,41830510,-14.1324,35.3088,NANR,Energy
2016-08-31,816.7211,33.459,18997100,5.2204,33.7522,NANR,Energy
2016-09-30,823.8783,34.049,22333280,3.3956,34.4372,NANR,Energy
2016-10-31,825.8636,33.2944,18773690,8.233,33.5809,NANR,Energy
2016-11-30,861.9174,34.7024,24570220,6.8167,34.9209,NANR,Energy
2016-12-30,848.5934,33.4766,65158630,6.2402,35.1835,NANR,Energy
2017-01-31,875.3004,34.7378,20484960,8.6233,36.5496,NANR,Energy
2017-02-28,853.1286,33.3906,22224230,10.2753,35.0784,NANR,Energy
2017-03-31,886.473,33.2013,46841860,37.7992,35.0311,NANR,Energy
2017-04-28,882.1976,32.5534,25774380,13.3128,34.2272,NANR,Energy
2017-05-31,900.5178,31.7084,49138210,41.5004,33.355,NANR,Energy
2017-06-30,909.6836,30.9943,41742860,29.6129,32.781,NANR,Energy
2017-07-31,976.7068,32.6658,25372260,17.2308,34.5899,NANR,Energy
2017-08-31,979.077,32.6359,17449230,3.2337,34.5899,NANR,Energy
2017-09-29,1016.76,33.6676,16266410,6.65,35.6688,NANR,Energy
2017-10-31,1020.3375,33.5637,20214260,6.7961,35.5313,NANR,Energy
2017-11-30,1038.226,33.8736,17055330,8.572,35.7852,NANR,Energy
2017-12-29,1095.2258,35.4442,25594650,8.4731,38.0052,NANR,Energy
2018-01-31,1131.7199,36.6252,26183960,0.0288,39.2871,NANR,Energy
2018-02-28,678.844,33.4406,386126900,-356.6989,35.7867,NANR,Energy
2018-03-30,679.7239,33.5666,19703100,-1.6532,36.001,NANR,Energy
2018-04-30,712.074,35.1641,17396390,0,37.6837,NANR,Energy
2018-05-31,725.0376,36.1548,29713480,-7.7226,38.7448,NANR,Energy
2018-06-29,732.0944,36.4226,13190430,1.7889,39.2461,NANR,Energy
2018-07-31,712.141,36.0506,13638800,0,38.7934,NANR,Energy
2018-08-31,690.0266,33.6598,26197810,14.0259,36.2718,NANR,Energy
2018-09-28,721.4542,34.2784,28537850,11.591,36.9718,NANR,Energy
2018-10-31,671.6526,31.289,18303810,1.6176,33.6626,NANR,Energy
2018-11-30,676.8898,31.3221,12491560,3.1355,33.8135,NANR,Energy
2018-12-31,613.0854,29.0562,24087360,3.1001,31.6335,NANR,Energy
2019-01-31,677.1959,31.7085,15073870,4.5487,34.636,NANR,Energy
2019-02-28,689.8684,32.0772,12343960,5.0203,34.9846,NANR,Energy
2019-03-29,710.45,32.5966,16195100,8.108,35.574,NANR,Energy
2019-04-30,682.7023,32.2182,18498080,0,35.2029,NANR,Energy
2019-05-31,649.1517,29.4678,19557370,5.2969,32.1574,NANR,Energy
2019-06-28,715.7906,32.5962,12041120,4.7423,35.8461,NANR,Energy
2019-07-31,708.8764,32.0791,28480230,9.7287,35.3172,NANR,Energy
2019-08-30,713.8325,31.3428,29243900,14.6267,34.5348,NANR,Energy
2019-09-30,703.7748,31.3685,11625800,3.1972,34.5985,NANR,Energy
2019-10-31,732.4262,31.0488,31625590,11.3508,34.1712,NANR,Energy
2019-11-29,728.7928,31.4407,14278520,-2.3651,34.7331,NANR,Energy
2019-12-31,786.6005,33.7235,23310910,5.0249,37.633,NANR,Energy
2020-01-31,722.2409,31.2863,22274710,-6.7177,34.8872,NANR,Energy
2020-02-28,526.8999,28.2405,191679100,-157.5894,31.2908,NANR,Energy
2020-03-31,418.1342,21.889,114528900,33.8217,24.3823,NANR,Energy
2020-04-30,511.0176,28.3429,38614770,-24.9062,31.6211,NANR,Energy
2020-05-29,520.2446,28.4446,24204400,-9.2081,31.7674,NANR,Energy
2020-06-30,497.4652,29.0869,24477890,-26.1228,32.82,NANR,Energy
2020-07-31,514.7229,30.3668,16327680,-8.1791,34.1844,NANR,Energy
2020-08-31,469.9941,30.9518,58462010,-56.5197,34.9193,NANR,Energy
2020-09-30,410.6107,28.4951,24909690,-17.2105,32.2204,NANR,Energy
2020-10-30,402.1627,27.8991,25419180,-17.5841,31.4255,NANR,Energy
2020-11-30,446.6756,32.3621,13915980,-8.6996,36.5219,NANR,Energy
2020-12-31,437.1272,33.1785,23926100,-17.4759,38.0187,NANR,Energy
2021-01-29,439.9142,33.2085,23559020,-6.3486,38.0302,NANR,Energy
2021-02-26,468.5249,36.8886,31993040,-18.8887,42.2647,NANR,Energy
2021-03-31,487.9238,38.4885,47668620,-4.7667,44.1697,NANR,Energy
2021-04-30,650.9286,40.3479,177033200,132.4433,46.3297,NANR,Energy
2021-05-31,555.08,43.4675,170567200,-133.1999,49.8845,NANR,Energy
2021-06-30,520.503,41.653,30426730,-5.7694,48.2132,NANR,Energy
2021-07-30,496.2621,40.3723,21620240,-2.0973,46.7916,NANR,Energy
2021-08-31,473.1334,38.9223,17008550,-5.8509,45.084,NANR,Energy
2021-09-30,475.3158,39.8454,27053090,-18.8795,46.1618,NANR,Energy
2021-10-29,518.1595,43.8787,17946960,-3.125,50.8441,NANR,Energy
2021-11-30,480.4207,42.4036,15949830,-8.9371,49.2265,NANR,Energy
2021-12-31,506.3905,43.9713,13780140,0.2318,51.8705,NANR,Energy
2022-01-31,554.6947,47.243,38862880,-2.1652,55.7599,NANR,Energy
2022-02-28,515.0602,52.3547,133318200,-87.1724,62.1008,NANR,Energy
2022-03-31,622.9264,57.9442,133997400,50.1346,68.3828,NANR,Energy
2022-04-29,607.5424,55.9702,103100500,17.9709,65.8842,NANR,Energy
2022-05-31,678.0459,59.2053,94524240,35.8556,69.8561,NANR,Energy
2022-06-30,651.4524,49.221,185427300,101.5245,58.5092,NANR,Energy
2022-07-29,561.8032,50.6089,140394600,-87.7132,60.1378,NANR,Energy
2022-08-31,548.6347,51.2899,55223820,-12.851,60.9461,NANR,Energy
2022-09-30,546.6456,47.7928,52808420,-1.87,56.6905,NANR,Energy
2022-10-31,602.2897,54.508,60935250,-0.8356,64.9046,NANR,Energy
2022-11-30,602.521,57.6407,64659500,-25.4162,68.7798,NANR,Energy
2022-12-30,694.3276,54.1386,175647300,129.4419,65.6168,NANR,Energy
2023-01-31,827.2522,57.806,148417900,89.2628,69.9856,NANR,Energy
2023-02-28,783.9575,52.8826,59465490,9.7666,63.9709,NANR,Energy
2023-03-31,597.7095,53.6144,239230800,-189.5246,64.9027,NANR,Energy
2023-04-28,579.0919,55.0608,39577400,-8.1568,66.5849,NANR,Energy
2023-05-31,527.6927,49.0506,47810970,7.5696,59.4327,NANR,Energy
2023-06-30,550.4347,51.5467,46146240,-5.2735,63.2243,NANR,Energy
2023-07-31,578.1275,55.4067,21213540,-2.7703,67.8529,NANR,Energy
2023-08-31,576.3539,53.6454,19907420,0,65.8578,NANR,Energy
2023-09-29,541.9217,53.0464,14258160,-4.0701,64.9811,NANR,Energy
2023-10-31,519.039,49.7261,46450190,-1.3078,61.0399,NANR,Energy
2023-11-30,524.3819,50.5718,26831170,-12.4555,62.0471,NANR,Energy
2023-12-29,516.4112,51.1298,51108890,-6.086,63.4862,NANR,Energy
2024-01-31,489.2729,48.1842,34804110,-6.2213,59.9285,NANR,Energy
2024-02-29,489.8545,48.6478,33921530,-2.3897,60.6375,NANR,Energy
2024-03-29,549.0971,54.5333,19191990,2.506,67.9455,NANR,Energy
2024-04-30,551.7742,55.7575,40646360,-0.0361,69.3896,NANR,Energy
2024-05-31,561.3045,57.3116,20788130,2.8566,71.3498,NANR,Energy
2024-06-28,547.3415,54.4743,33241630,2.6901,68.385,NANR,Energy
2024-07-31,552.8298,56.2851,27217130,1.3885,70.71,NANR,Energy
2024-08-30,572.0128,56.4951,20232160,1.3088,70.96,NANR,Energy
2024-09-30,579.6557,56.6062,20093640,-1.3217,71.0989,NANR,Energy
2024-10-31,557.1981,55.6958,21660720,-4.2448,69.8936,NANR,Energy
2024-11-29,571.3067,57.674,18050220,-2.8428,72.3903,NANR,Energy
2024-12-31,588.0853,51.1379,118922300,84.5974,64.9897,NANR,Energy
2025-01-31,554.2794,53.4597,96715510,-59.3542,67.7609,NANR,Energy
2025-02-28,589.1921,54.0195,93796250,47.6591,68.5798,NANR,Energy
2025-03-31,631.0455,55.5274,31488240,3.7963,70.5868,NANR,Energy
2025-04-30,596.0098,52.4363,39710870,5.8768,66.7832,NANR,Energy
2025-05-30,628.1076,54.1478,29695990,-0.1325,68.858,NANR,Energy
2025-06-30,586.0546,56.596,107520200,-66.3591,72.6798,NANR,Energy
2025-07-31,590.1931,57.4397,24498130,2.9055,73.6069,NANR,Energy
2025-08-29,646.5661,62.1698,24351470,7.6765,79.801,NANR,Energy
2025-09-30,728.8621,64.6441,88114120,56.0182,82.8979,NANR,Energy
2025-10-31,710.2343,63.1319,26335810,-1.5805,80.9948,NANR,Energy
2015-10-30,663.33,5.1,,-8.4734,5.1,ICPAX,Energy
2015-11-30,636.17,4.99,,-12.8581,4.99,ICPAX,Energy
2015-12-31,530.06,4.31,,-20.1848,4.34,ICPAX,Energy
2016-01-29,508.15,4.16,,-3.9209,4.19,ICPAX,Energy
2016-02-29,496.36,4.03,,3.0968,4.06,ICPAX,Energy
2016-03-31,551.84,4.47,,0.7392,4.5,ICPAX,Energy
2016-04-29,595.09,4.85,,-3.5408,4.88,ICPAX,Energy
2016-05-31,584.29,4.8,,-4.7916,4.83,ICPAX,Energy
2016-06-30,598.44,4.95,,-4.0031,4.99,ICPAX,Energy
2016-07-29,588.15,4.91,,-5.1414,4.95,ICPAX,Energy
2016-08-31,610.95,5.17,,-13.4803,5.21,ICPAX,Energy
2016-09-30,634.19,5.49,,-3.3796,5.53,ICPAX,Energy
2016-10-31,600.54,5.3,,-23.4122,5.34,ICPAX,Energy
2016-11-30,663.93,5.93,,-6.9097,5.97,ICPAX,Energy
2016-12-30,660.22,5.93,,-9.0985,5.98,ICPAX,Energy
2017-01-31,656.35,5.99,,-21.4702,6.04,ICPAX,Energy
2017-02-28,616.45,5.67,,-6.5386,5.72,ICPAX,Energy
2017-03-31,582.72,5.5,,-37.5437,5.55,ICPAX,Energy
2017-04-28,539.38,5.16,,-20.3681,5.21,ICPAX,Energy
2017-05-31,506.19,4.95,,-13.0311,4.99,ICPAX,Energy
2017-06-30,506.19,4.88,,-13.0311,4.92,ICPAX,Energy
2017-07-31,477.07,4.91,,-25.4646,4.95,ICPAX,Energy
2017-08-31,432.02,4.61,,-15.2609,4.65,ICPAX,Energy
2017-09-29,463.7,5.08,,-11.1192,5.13,ICPAX,Energy
2017-10-31,439.68,5.03,,-14.8263,5.07,ICPAX,Energy
2017-11-30,433.31,5.13,,-13.7808,5.18,ICPAX,Energy
2017-12-29,438.34,5.48,,-19.3566,5.54,ICPAX,Energy
2018-01-31,422.73,5.45,,-9.7999,5.5,ICPAX,Energy
2018-02-28,371.3,4.9,,-6.6331,4.95,ICPAX,Energy
2018-03-30,356.7,4.99,,-13.2556,5.04,ICPAX,Energy
2018-04-30,356.7,5.48,,-13.2556,5.54,ICPAX,Energy
2018-05-31,356.7,5.57,,-13.2556,5.63,ICPAX,Energy
2018-06-29,356.7,5.45,,-13.2556,5.5,ICPAX,Energy
2018-07-31,360.26,5.6,,-31.0484,5.66,ICPAX,Energy
2018-08-31,339.31,5.43,,-6.5862,5.48,ICPAX,Energy
2018-09-28,327.69,5.39,,-6.818,5.44,ICPAX,Energy
2018-10-31,279.54,4.72,,-6.0299,4.77,ICPAX,Energy
2018-11-30,254.49,4.44,,-5.6175,4.48,ICPAX,Energy
2018-12-31,207.95,3.76,,-6.3817,3.82,ICPAX,Energy
2019-01-31,233.83,4.35,,-3.5563,4.42,ICPAX,Energy
2019-02-28,234.38,4.45,,-4.0419,4.52,ICPAX,Energy
2019-03-29,234,4.54,,-4.2872,4.61,ICPAX,Energy
2019-04-30,230.14,4.6,,-5.2395,4.67,ICPAX,Energy
2019-05-31,196.78,4.03,,-4.4059,4.1,ICPAX,Energy
2019-06-28,207.36,4.38,,-4.9372,4.45,ICPAX,Energy
2019-07-31,197.03,4.28,,-4.6494,4.35,ICPAX,Energy
2019-08-30,170.87,3.83,,-3.957,3.89,ICPAX,Energy
2019-09-30,170.87,4.04,,-7.5975,4.11,ICPAX,Energy
2019-10-31,165.42,3.97,,-1.7337,4.03,ICPAX,Energy
2019-11-29,158,3.96,,-4.9676,4.02,ICPAX,Energy
2019-12-31,163.7,4.23,,-3.7635,4.37,ICPAX,Energy
2020-01-31,142.93,3.81,,-4.0552,3.93,ICPAX,Energy
2020-02-28,121.37,3.34,,-3.643,3.45,ICPAX,Energy
2020-03-31,73.69,2.08,,-1.8536,2.17,ICPAX,Energy
2020-04-30,88.87,2.55,,-1.0511,2.66,ICPAX,Energy
2020-05-29,89.55,2.62,,-1.4657,2.73,ICPAX,Energy
2020-06-30,87.57,2.54,,-0.8235,2.67,ICPAX,Energy
2020-07-31,88.57,2.59,,-1.4445,2.72,ICPAX,Energy
2020-08-31,88.17,2.63,,-1.543,2.76,ICPAX,Energy
2020-09-30,76.35,2.31,,-1.1923,2.44,ICPAX,Energy
2020-10-30,72.77,2.26,,-1.6308,2.39,ICPAX,Energy
2020-11-30,90.23,2.87,,-1.7046,3.03,ICPAX,Energy
2020-12-31,74.03,3.12,,-0.6712,3.31,ICPAX,Energy
2021-01-29,75.87,3.28,,-0.6712,3.47,ICPAX,Energy
2021-02-26,113.32,3.73,,-5.1742,3.95,ICPAX,Energy
2021-03-31,114.34,3.77,,-0.9198,4.01,ICPAX,Energy
2021-04-30,112.12,3.72,,-0.829,3.95,ICPAX,Energy
2021-05-31,114.73,3.85,,-1.6628,4.09,ICPAX,Energy
2021-06-30,119.57,4.04,,-0.4842,4.3,ICPAX,Energy
2021-07-30,109.5,3.74,,-1.3297,3.98,ICPAX,Energy
2021-08-31,109.72,3.78,,-0.9268,4.02,ICPAX,Energy
2021-09-30,113.75,3.96,,-1.1856,4.23,ICPAX,Energy
2021-10-29,127.62,4.45,,0.0075,4.75,ICPAX,Energy
2021-11-30,119.27,4.14,,-1.5861,4.42,ICPAX,Energy
2021-12-31,117.01,4.09,,-1.1709,4.39,ICPAX,Energy
2022-01-31,125.77,4.36,,-1.4394,4.68,ICPAX,Energy
2022-02-28,134.45,4.68,,-0.9927,5.02,ICPAX,Energy
2022-03-31,146.64,5.07,,-0.6799,5.46,ICPAX,Energy
2022-04-29,136.61,4.76,,-1.1737,5.12,ICPAX,Energy
2022-05-31,158.79,5.43,,-0.8507,5.85,ICPAX,Energy
2022-06-30,134.33,4.58,,-0.6779,4.94,ICPAX,Energy
2022-07-29,147.05,5.07,,-1.0904,5.47,ICPAX,Energy
2022-08-31,149.7,5.19,,-2.5206,5.6,ICPAX,Energy
2022-09-30,131.63,4.58,,-0.4951,4.97,ICPAX,Energy
2022-10-31,157.04,5.46,,-0.2004,5.92,ICPAX,Energy
2022-11-30,159.46,5.62,,-0.9335,6.09,ICPAX,Energy
2022-12-30,147.07,5.21,,-0.9717,5.67,ICPAX,Energy
2023-01-31,152.27,5.43,,-0.8187,5.91,ICPAX,Energy
2023-02-28,141.46,5.09,,-1.0307,5.54,ICPAX,Energy
2023-03-31,134.23,4.82,,-0.3366,5.27,ICPAX,Energy
2023-04-28,131.92,4.84,,-0.6353,5.29,ICPAX,Energy
2023-05-31,119,4.43,,-1.5799,4.85,ICPAX,Energy
2023-06-30,129.32,4.85,,-0.7684,5.32,ICPAX,Energy
2023-07-31,138.78,5.3,,-0.8763,5.81,ICPAX,Energy
2023-08-31,136.81,5.3,,-1.6039,5.81,ICPAX,Energy
2023-09-29,132.88,5.21,,-0.3854,5.73,ICPAX,Energy
2023-10-31,124.43,4.99,,-2.3077,5.49,ICPAX,Energy
2023-11-30,124.63,5.08,,-1.3759,5.59,ICPAX,Energy
2023-12-29,122.07,5.06,,-0.924,5.59,ICPAX,Energy
2024-01-31,114.79,4.86,,-1.4343,5.37,ICPAX,Energy
2024-02-29,120.21,5.14,,-1.3249,5.68,ICPAX,Energy
2024-03-29,128.31,5.56,,-1.3901,6.16,ICPAX,Energy
2024-04-30,120.25,5.45,,-1.0876,6.04,ICPAX,Energy
2024-05-31,122.34,5.62,,-1.3578,6.22,ICPAX,Energy
2024-06-28,119.69,5.55,,-0.7338,6.17,ICPAX,Energy
2024-07-31,122.85,5.77,,-1.4382,6.41,ICPAX,Energy
2024-08-30,119.29,5.67,,-0.5341,6.3,ICPAX,Energy
2024-09-30,116.94,5.59,,-0.318,6.23,ICPAX,Energy
2024-10-31,116.94,5.62,,-0.318,6.27,ICPAX,Energy
2024-11-29,116.94,6.3,,-0.318,7.03,ICPAX,Energy
2024-12-31,116.94,5.88,,-0.318,6.57,ICPAX,Energy
2025-01-31,116.94,6.14,,-0.318,6.86,ICPAX,Energy
2025-02-28,116.94,6.02,,-0.318,6.72,ICPAX,Energy
2025-03-31,116.94,5.95,,-0.318,6.66,ICPAX,Energy
2025-04-30,116.94,5.56,,-0.318,6.22,ICPAX,Energy
2025-05-30,116.94,6.03,,-0.318,6.75,ICPAX,Energy
2025-06-30,116.94,6.32,,-0.318,7.09,ICPAX,Energy
2025-07-31,116.94,6.51,,-0.318,7.3,ICPAX,Energy
2025-08-29,116.94,6.61,,-0.318,7.41,ICPAX,Energy
2025-09-30,116.94,6.88,,-0.318,7.72,ICPAX,Energy
2025-10-31,116.94,6.96,,-0.318,7.81,ICPAX,Energy
2015-10-30,77.07359,73.74,,0.9195,73.74,AKTROHS,Energy
2015-11-30,74.50737,71.86,,-0.7191,71.86,AKTROHS,Energy
2015-12-31,67.24477,65.72,,-0.9867,65.72,AKTROHS,Energy
2016-01-29,58.53926,57.07,,0.1307,57.07,AKTROHS,Energy
2016-02-29,63.35189,61.82,,-0.0965,62.31481267,AKTROHS,Energy
2016-03-31,71.61188,70.89,,-1.0672,71.457409741,AKTROHS,Energy
2016-04-29,81.42043,78.94,,1.5061,79.571842643,AKTROHS,Energy
2016-05-31,80.93023,76.23,,2.3516,76.840151567,AKTROHS,Energy
2016-06-30,81.27612,78.13,,-1.5923,78.755359332,AKTROHS,Energy
2016-07-29,86.11452,82.4,,0.3427,83.059536785,AKTROHS,Energy
2016-08-31,85.28934,82,,-0.4126,82.65633515,AKTROHS,Energy
2016-09-30,85.71947,82.39,,0.0547,83.049456744,AKTROHS,Energy
2016-10-31,89.43536,81.55,,0.1291,82.202733311,AKTROHS,Energy
2016-11-30,96.13654,87.94,,-1.4594,88.643879428,AKTROHS,Energy
2016-12-30,101.932,94.13,,-0.7081,94.883424728,AKTROHS,Energy
2017-01-31,102.8381,95.63,,-0.7261,96.395430858,AKTROHS,Energy
2017-02-28,102.0218,94.09,,0.1538,95.518041173,AKTROHS,Energy
2017-03-31,98.13974,91.04,,-1.2015,92.421750116,AKTROHS,Energy
2017-04-28,94.12163,87.31,,-0.4108,88.63513843,AKTROHS,Energy
2017-05-31,90.09745,83,,0.6223,84.259723854,AKTROHS,Energy
2017-06-30,87.80318,80.53,,-0.5265,81.752235686,AKTROHS,Energy
2017-07-31,89.80645796,83.34,,-1.0659,84.604884168,AKTROHS,Energy
2017-08-31,86.78331565,80.92,,-0.2973,82.14815487,AKTROHS,Energy
2017-09-29,92.20419845,86.43,,0.2078,87.741782321,AKTROHS,Energy
2017-10-31,91.95318657,86.47,,-0.3719,87.782389417,AKTROHS,Energy
2017-11-30,91.20002692,86.98,,-1.31,88.300129889,AKTROHS,Energy
2017-12-29,98.23420335,94.37,,-0.6799,95.802290844,AKTROHS,Energy
2018-01-31,97.7426305,96.48,,-1.4102,98.293185342,AKTROHS,Energy
2018-02-28,91.0590268,90.73,,-0.5224,92.435123405,AKTROHS,Energy
2018-03-30,87.18754963,86.76,,0.12,88.390513685,AKTROHS,Energy
2018-04-30,94.06253989,93.81,,-0.2425,95.573007017,AKTROHS,Energy
2018-05-31,96.3961036,97.01,,-0.8377,98.833145834,AKTROHS,Energy
2018-06-29,96.14213538,98.06,,-1.3523,99.902878883,AKTROHS,Energy
2018-07-31,94.60723428,97.23,,-0.7215,99.057280378,AKTROHS,Energy
2018-08-31,90.58052689,93.43,,-0.311,95.185865532,AKTROHS,Energy
2018-09-28,88.25813885,93.02,,-0.1199,94.768160246,AKTROHS,Energy
2018-10-31,78.82781971,83.95,,-0.6672,85.527704286,AKTROHS,Energy
2018-11-30,74.51934969,79.93,,-0.5438,81.432154897,AKTROHS,Energy
2018-12-31,64.25980544,71.09,,-0.4699,72.426021414,AKTROHS,Energy
2019-01-31,71.16480727,80.25,,-0.1127,81.758168778,AKTROHS,Energy
2019-02-28,72.45664523,82.52,,-0.7114,84.070829752,AKTROHS,Energy
2019-03-29,73.53519884,84.17,,-0.3642,85.75183883,AKTROHS,Energy
2019-04-30,74.34963558,85.53,,-0.3083,87.137397827,AKTROHS,Energy
2019-05-31,66.30834315,76.99,,-0.5088,78.436902358,AKTROHS,Energy
2019-06-28,70.34766596,82.91,,-0.3505,84.46815917,AKTROHS,Energy
2019-07-31,70.90026044,84.23,,-0.5513,85.812966432,AKTROHS,Energy
2019-08-30,64.36409869,77.67,,-0.8677,79.129681857,AKTROHS,Energy
2019-09-30,65.9472513,80.45,,-0.7058,81.961927454,AKTROHS,Energy
2019-10-31,63.58177938,78.19,,-0.564,79.659454415,AKTROHS,Energy
2019-11-29,66.17904982,82.23,,-0.5723,83.775379672,AKTROHS,Energy
2019-12-31,68.54079586,86.43,,-0.9372,88.054311869,AKTROHS,Energy
2020-01-31,63.58306274,81.7,,-1.7946,83.23541918,AKTROHS,Energy
2020-02-28,53.48695046,70.5,,-1.1748,71.824933319,AKTROHS,Energy
2020-03-31,38.04821293,50.73,,-0.5578,51.683388188,AKTROHS,Energy
2020-04-30,53.2860505,70.84,,0.1134,72.171323069,AKTROHS,Energy
2020-05-29,51.83370593,69.41,,-0.3892,70.714448535,AKTROHS,Energy
2020-06-30,53.06470215,71.67,,-0.4708,73.016921574,AKTROHS,Energy
2020-07-31,54.25441833,73.7,,-0.2383,75.085072137,AKTROHS,Energy
2020-08-31,56.17434391,76.77,,-0.3493,78.212767814,AKTROHS,Energy
2020-09-30,51.55959086,70.14,,0.2697,71.458167702,AKTROHS,Energy
2020-10-30,51.47556575,70.66,,-0.465,71.98794026,AKTROHS,Energy
2020-11-30,62.84561124,87.08,,-0.5388,88.716527567,AKTROHS,Energy
2020-12-31,63.37307118,89.06,,-0.9492,90.73373846,AKTROHS,Energy
2021-01-29,64.98242666,93.3,,-1.4723,95.053422393,AKTROHS,Energy
2021-02-26,71.98435516,105.28,,-1.2592,107.25856709,AKTROHS,Energy
2021-03-31,77.02099219,111.72,,0.512,113.81959646,AKTROHS,Energy
2021-04-30,78.99827709,114.79,,-0.0686,116.947292138,AKTROHS,Energy
2021-05-31,82.89209419,120.76,,0.4995,123.029488619,AKTROHS,Energy
2021-06-30,81.17888001,118.2,,-0.0265,120.421377565,AKTROHS,Energy
2021-07-30,78.93432864,116.45,,-0.9946,118.638489149,AKTROHS,Energy
2021-08-31,77.28419813,113.53,,0.3439,115.663612479,AKTROHS,Energy
2021-09-30,79.33663557,117.76,,-0.7652,119.973108478,AKTROHS,Energy
2021-10-29,84.60943643,125.01,,0.279,127.359360486,AKTROHS,Energy
2021-11-30,82.62429013,122.46,,-0.2672,124.761437366,AKTROHS,Energy
2021-12-31,86.51803821,127.9,,0.1919,130.303673355,AKTROHS,Energy
2022-01-31,94.75101316,139.32,,0.3629,141.938293759,AKTROHS,Energy
2022-02-28,108.31431442,150.72,,3.2867,153.552538296,AKTROHS,Energy
2022-03-31,133.71603197,170.05,,8.2933,173.24581434,AKTROHS,Energy
2022-04-29,140.50171813,169.97,,6.4996,173.164310869,AKTROHS,Energy
2022-05-31,140.52653278,174.55,,-1.4678,177.830384551,AKTROHS,Energy
2022-06-30,119.48768279,151.52,,-2.1926,154.367573,AKTROHS,Energy
2022-07-29,116.67342235,150.92,,-2.2441,153.756296972,AKTROHS,Energy
2022-08-31,123.87671384,160.08,,0.2121,163.088444337,AKTROHS,Energy
2022-09-30,111.84037368,144.34,,0.1484,147.052636529,AKTROHS,Energy
2022-10-31,126.49279412,162.13,,0.6069,165.176970767,AKTROHS,Energy
2022-11-30,132.46948219,168.01,,1.1953,171.167475844,AKTROHS,Energy
2022-12-30,130.35754925,162.84,,1.7455,165.900314067,AKTROHS,Energy
2023-01-31,138.85078102,169.3,,3.187,172.481719304,AKTROHS,Energy
2023-02-28,133.57684742,161.9,,0.8078,164.942648289,AKTROHS,Energy
2023-03-31,129.9657167,158.72,,-0.2597,161.702885339,AKTROHS,Energy
2023-04-28,126.17785224,153.9,,0.1152,156.792301246,AKTROHS,Energy
2023-05-31,116.99428184,142.88,,0.0719,145.565198194,AKTROHS,Energy
2023-06-30,118.45708468,148.82,,-3.2704,151.616830873,AKTROHS,Energy
2023-07-31,125.4836721,158.22,,-0.3763,161.193488649,AKTROHS,Energy
2023-08-31,124.59175883,158.58,,-1.018,161.560254266,AKTROHS,Energy
2023-09-29,125.46509297,160.02,,-0.1811,163.027316734,AKTROHS,Energy
2023-10-31,119.17920347,152.35,,-0.2332,155.213171506,AKTROHS,Energy
2023-11-30,119.74387936,154.5,,-1.0191,157.403577274,AKTROHS,Energy
2023-12-29,123.11798907,161.9,,-2.3086,164.942648289,AKTROHS,Energy
2024-01-31,118.85043512,158.33,,-1.3735,161.305555921,AKTROHS,Energy
2024-02-29,112.05487331,152.88,,-2.6711,155.753131998,AKTROHS,Energy
2024-03-29,121.0237735,168.68,,-2.0924,171.850067408,AKTROHS,Energy
2024-04-30,122.43372345,171.9,,-0.8379,175.130582093,AKTROHS,Energy
2024-05-31,119.75499679,169.04,,-0.6235,172.216833025,AKTROHS,Energy
2024-06-28,117.56741648,166.8,,-0.5445,169.934735853,AKTROHS,Energy
2024-07-31,119.95970427,170.89,,-0.4145,174.101600779,AKTROHS,Energy
2024-08-30,116.62766685,167.24,,-0.6372,170.383004941,AKTROHS,Energy
2024-09-30,116.88786512,169.13,,-0.9832,172.30852443,AKTROHS,Energy
2024-10-31,110.5473976,166.43,,-4.5768,169.557782302,AKTROHS,Energy
2024-11-29,114.76486342,173.9,,-0.7532,177.168168854,AKTROHS,Energy
2024-12-31,102.99784682,157.83,,-1.1674,160.796159231,AKTROHS,Energy
2025-01-31,107.26025715,166.52,,-1.3473,169.649473707,AKTROHS,Energy
2025-02-28,106.62882511,165.71,,-0.0246,168.824251069,AKTROHS,Energy
2025-03-31,106.372482,166.14,,-0.5959,169.262332222,AKTROHS,Energy
2025-04-30,98.95817241,155.35,,-0.5843,158.269551647,AKTROHS,Energy
2025-05-30,100.41617575,158.68,,-0.6283,161.662133604,AKTROHS,Energy
2025-06-30,100.15448968,159.56,,-0.8345,162.558671779,AKTROHS,Energy
2025-07-31,102.64496595,164.26,,-0.4477,167.347000667,AKTROHS,Energy
2025-08-29,107.35911804,172.56,,-0.451,175.802985724,AKTROHS,Energy
2025-09-30,109.90340876,177.07,,-0.1409,180.39774387,AKTROHS,Energy
2025-10-31,110.47472412,177.32,,0.4704,180.652442215,AKTROHS,Energy
2015-10-30,13.8806,8.3639,428935.2,0,8.41,NXF,Energy
2015-11-30,13.8806,8.1187,471120,0.4087,8.09,NXF,Energy
2015-12-31,14.3493,7.2484,302712.1,0,7.4157,NXF,Energy
2016-01-29,15.4021,6.9994,361268.2,0,7.0362,NXF,Energy
2016-02-29,17.2182,6.9799,660146.4,0.7001,7.2311,NXF,Energy
2016-03-31,18.078,7.2288,781012.2,0.7355,7.6452,NXF,Energy
2016-04-29,19.9571,7.9967,575821,0.3814,8.3929,NXF,Energy
2016-05-31,20.3891,7.6283,994795.1,0.3857,8.0349,NXF,Energy
2016-06-30,21.3002,7.869,874123.5,-0.0418,8.5097,NXF,Energy
2016-07-29,24.5133,7.8355,3853572,3.228,8.4665,NXF,Energy
2016-08-31,25.6059,7.9061,1084670,0.8021,8.5313,NXF,Energy
2016-09-30,26.513,8.0499,881865.6,0.4025,8.8843,NXF,Energy
2016-10-31,28.9011,8.0341,4612742,1.2484,8.8733,NXF,Energy
2016-11-30,28.9011,8.363,956473.2,0.8094,9.2366,NXF,Energy
2016-12-30,31.6551,8.3119,1234516,0.4176,9.3683,NXF,Energy
2017-01-31,31.5915,8.3298,1268658,0.4262,9.3458,NXF,Energy
2017-02-28,31.979,8.1154,1348953,0.4055,9.1102,NXF,Energy
2017-03-31,30.3676,7.9786,3652886,-1.9811,9.1359,NXF,Energy
2017-04-28,30.4496,7.7594,1028593,-0.0094,8.8618,NXF,Energy
2017-05-31,29.5271,7.5685,745634.5,0,8.622,NXF,Energy
2017-06-30,24.9956,7.1947,902531.8,0.0082,8.4072,NXF,Energy
2017-07-31,27.5924,7.402,651580.9,0.618,8.6168,NXF,Energy
2017-08-31,26.497,7.1014,360797.4,0,8.2325,NXF,Energy
2017-09-29,28.4935,7.5369,1494190,0.3698,8.8964,NXF,Energy
2017-10-31,29.6835,7.6927,909935.6,-0.0012,9.1215,NXF,Energy
2017-11-30,29.2188,7.7782,775994.7,-0.3907,9.2044,NXF,Energy
2017-12-29,29.3382,8.0338,1583694,-0.395,9.6543,NXF,Energy
2018-01-31,34.7442,8.5584,5151744,3.0393,10.2667,NXF,Energy
2018-02-28,32.339,7.9727,1252515,-0.4076,9.7984,NXF,Energy
2018-03-30,33.2757,8.0773,1391716,0.3997,9.8026,NXF,Energy
2018-04-30,39.0507,8.7429,4133927,2.6073,10.6682,NXF,Energy
2018-05-31,43.3243,8.7566,4929494,3.6493,10.7048,NXF,Energy
2018-06-29,43.3801,8.5172,1775352,0.4213,10.601,NXF,Energy
2018-07-31,48.4687,8.6901,4112854,3.4031,10.7997,NXF,Energy
2018-08-31,48.9114,8.4358,2099821,0.8539,10.4521,NXF,Energy
2018-09-28,51.2774,8.7271,4997723,0.8295,11.0838,NXF,Energy
2018-10-31,48.4341,7.9645,3519326,1.3385,10.0716,NXF,Energy
2018-11-30,41.8378,7.733,10304890,-5.287,9.7805,NXF,Energy
2018-12-31,37.5595,6.7132,3060037,1.0856,8.7614,NXF,Energy
2019-01-31,41.6973,7.3184,1897142,1.0809,9.5034,NXF,Energy
2019-02-28,42.7363,7.4256,1817041,0.3774,9.6727,NXF,Energy
2019-03-29,44.6499,7.3544,1518941,1.1152,9.7795,NXF,Energy
2019-04-30,45.9103,7.4192,2405271,0.3753,9.8592,NXF,Energy
2019-05-31,44.4765,6.7983,2030993,1.0728,9.0354,NXF,Energy
2019-06-28,45.5451,7.0172,2471157,1.0602,9.5219,NXF,Energy
2019-07-31,44.9844,6.7995,3603157,0.6918,9.2506,NXF,Energy
2019-08-30,44.1144,6.2555,2500275,2.2853,8.4775,NXF,Energy
2019-09-30,47.3338,6.3965,4890840,1.9704,8.8213,NXF,Energy
2019-10-31,45.5753,6.2985,2706665,-0.931,8.6697,NXF,Energy
2019-11-29,46.9178,6.2802,3043530,0.9732,8.7111,NXF,Energy
2019-12-31,49.8152,6.6483,3658848,1.2959,9.3129,NXF,Energy
2020-01-31,47.5281,6.0023,4264950,1.5942,8.4153,NXF,Energy
2020-02-28,44.1975,5.3024,7447979,3.6157,7.4054,NXF,Energy
2020-03-31,33.5303,3.4602,6862024,4.8248,5.0578,NXF,Energy
2020-04-30,42.6014,3.9448,7553415,4.4133,5.7515,NXF,Energy
2020-05-29,44.116,3.9699,3796640,1.5372,5.7515,NXF,Energy
2020-06-30,44.9276,3.9113,5858033,1.9616,5.8977,NXF,Energy
2020-07-31,45.4227,3.8011,3105301,1.9697,5.6876,NXF,Energy
2020-08-31,47.0312,3.8185,3125662,1.9538,5.7552,NXF,Energy
2020-09-30,42.2717,3.2078,5033492,3.0459,5.0002,NXF,Energy
2020-10-30,43.3529,3.0228,5733965,3.4927,4.7052,NXF,Energy
2020-11-30,57.7454,3.7215,40021370,31.421,5.8077,NXF,Energy
2020-12-31,300.7204,3.81,44508900,37.0746,6.0253,NXF,Energy
2021-01-29,308.6989,3.8362,11405260,4.7736,6.0095,NXF,Energy
2021-02-26,358.3107,4.4017,7888999,3.8067,6.9401,NXF,Energy
2021-03-31,390.9178,4.386,12166570,0.8225,7.1445,NXF,Energy
2021-04-30,395.6346,4.3576,13062500,10.7501,7.1039,NXF,Energy
2021-05-31,434.516,4.6218,36203750,14.4223,7.583,NXF,Energy
2021-06-30,443.9645,4.8121,18689770,5.5419,7.9891,NXF,Energy
2021-07-30,396.688,4.4225,15927220,6.066,7.3261,NXF,Energy
2021-08-31,420.43,4.4168,13872280,5.8916,7.3426,NXF,Energy
2021-09-30,458.883,4.7296,16873270,6.4697,8.0404,NXF,Energy
2021-10-29,440.226,5.0418,23796640,7.1074,8.5663,NXF,Energy
2021-11-30,380.3188,4.7684,76392510,-42.9754,8.1083,NXF,Energy
2021-12-31,386.2705,4.8364,27352600,-1.6425,8.459,NXF,Energy
2022-01-31,439.8506,5.5369,61317350,0.7395,9.6774,NXF,Energy
2022-02-28,497.2621,5.8764,69150930,48.8238,10.217,NXF,Energy
2022-03-31,593.6275,6.1571,39042250,5.6165,10.9313,NXF,Energy
2022-04-29,592.0023,6.017,27066500,-0.3552,10.6825,NXF,Energy
2022-05-31,647.5054,6.8704,54359540,16.9489,12.2289,NXF,Energy
2022-06-30,535.092,5.7455,29775350,-0.1006,10.439,NXF,Energy
2022-07-29,547.2276,6.0605,26882510,-10.2863,11.0767,NXF,Energy
2022-08-31,537.2859,6.3201,60043400,-24.0559,11.4957,NXF,Energy
2022-09-30,456.9257,5.5448,41670740,27.9384,10.5025,NXF,Energy
2022-10-31,519.2058,6.5436,69871580,1.4151,12.4172,NXF,Energy
2022-11-30,548.9848,6.6757,39748850,17.9458,12.6636,NXF,Energy
2022-12-30,535.731,6.2106,22961230,23.5001,12.1727,NXF,Energy
2023-01-31,565.7442,6.3732,74558700,18.6101,12.4853,NXF,Energy
2023-02-28,559.773,6.0463,35041520,1.5386,11.821,NXF,Energy
2023-03-31,514.3669,5.734,82445510,-22.043,11.4991,NXF,Energy
2023-04-28,519.369,6.0043,34235430,-6.736,12.0409,NXF,Energy
2023-05-31,480.4581,5.5071,20550270,6.2039,11.0777,NXF,Energy
2023-06-30,502.0875,5.7474,38612220,1.2005,11.8311,NXF,Energy
2023-07-31,529.6656,6.1217,19158020,-2.054,12.613,NXF,Energy
2023-08-31,549.1552,6.2707,48114540,-29.9107,12.9217,NXF,Energy
2023-09-29,510.019,6.3263,63296050,-38.8672,13.2463,NXF,Energy
2023-10-31,500.1886,6.2005,32525900,-5.4203,12.9534,NXF,Energy
2023-11-30,492.108,6.2042,14457220,-2.157,12.9743,NXF,Energy
2023-12-29,469.7807,6.0589,18571320,-6.0671,12.9489,NXF,Energy
2024-01-31,461.9213,5.9697,19051540,-4.6026,12.7352,NXF,Energy
2024-02-29,360.1037,6.0287,90640660,-82.035,12.8848,NXF,Energy
2024-03-29,311.33,6.2656,15380370,1.2615,13.7133,NXF,Energy
2024-04-30,317.4149,6.4368,12929710,-2.2632,14.0632,NXF,Energy
2024-05-31,330.3629,6.4363,14643090,5.4285,14.1069,NXF,Energy
2024-06-28,311.8019,6.1531,22411090,-3.3477,13.6752,NXF,Energy
2024-07-31,311.0286,6.2005,13301380,-0.6294,13.7754,NXF,Energy
2024-08-30,314.6476,6.1261,8617131,-0.9252,13.6418,NXF,Energy
2024-09-30,275.46,5.6953,30549800,9.0101,12.8851,NXF,Energy
2024-10-31,274.3197,5.6672,20759310,-2.9043,12.8399,NXF,Energy
2024-11-29,213.023,5.8002,23794580,-3.8156,13.1337,NXF,Energy
2024-12-31,189.921,5.3459,22915060,-4.9205,12.3485,NXF,Energy
2025-01-31,175.6946,5.4318,33816160,-1.1446,12.5332,NXF,Energy
2025-02-28,173.5978,5.5375,8595753,-3.8557,12.764,NXF,Energy
2025-03-31,182.3085,5.7271,25734700,4.1073,13.4971,NXF,Energy
2025-04-30,149.3162,4.9115,14949090,-6.6251,11.5891,NXF,Energy
2025-05-30,151.6172,5.0423,17665150,-1.3089,11.8836,NXF,Energy
2025-06-30,160.3458,5.2143,14937940,3.306,12.4951,NXF,Energy
2025-07-31,166.0518,5.4338,9214064,-1.3417,12.9739,NXF,Energy
2025-08-29,162.4032,5.6433,13424490,-8.6619,13.5005,NXF,Energy
2025-09-30,144.7974,5.4622,6650377,-0.8392,13.3244,NXF,Energy
2025-10-31,141.0284,5.3967,8658343,-1.922,13.1536,NXF,Energy
2015-10-30,,,,,,EMAX,Energy
2015-11-30,,,,,,EMAX,Energy
2015-12-31,,,,,,EMAX,Energy
2016-01-29,,,,,,EMAX,Energy
2016-02-29,,,,,,EMAX,Energy
2016-03-31,,,,,,EMAX,Energy
2016-04-29,,,,,,EMAX,Energy
2016-05-31,,,,,,EMAX,Energy
2016-06-30,,,,,,EMAX,Energy
2016-07-29,,,,,,EMAX,Energy
2016-08-31,,,,,,EMAX,Energy
2016-09-30,,,,,,EMAX,Energy
2016-10-31,,,,,,EMAX,Energy
2016-11-30,,,,,,EMAX,Energy
2016-12-30,,,,,,EMAX,Energy
2017-01-31,,,,,,EMAX,Energy
2017-02-28,,,,,,EMAX,Energy
2017-03-31,,,,,,EMAX,Energy
2017-04-28,,,,,,EMAX,Energy
2017-05-31,,,,,,EMAX,Energy
2017-06-30,,,,,,EMAX,Energy
2017-07-31,,,,,,EMAX,Energy
2017-08-31,,,,,,EMAX,Energy
2017-09-29,,,,,,EMAX,Energy
2017-10-31,,,,,,EMAX,Energy
2017-11-30,,,,,,EMAX,Energy
2017-12-29,,,,,,EMAX,Energy
2018-01-31,,,,,,EMAX,Energy
2018-02-28,,,,,,EMAX,Energy
2018-03-30,,,,,,EMAX,Energy
2018-04-30,,,,,,EMAX,Energy
2018-05-31,,,,,,EMAX,Energy
2018-06-29,,,,,,EMAX,Energy
2018-07-31,,,,,,EMAX,Energy
2018-08-31,,,,,,EMAX,Energy
2018-09-28,,,,,,EMAX,Energy
2018-10-31,,,,,,EMAX,Energy
2018-11-30,,,,,,EMAX,Energy
2018-12-31,,,,,,EMAX,Energy
2019-01-31,,,,,,EMAX,Energy
2019-02-28,,,,,,EMAX,Energy
2019-03-29,,,,,,EMAX,Energy
2019-04-30,,,,,,EMAX,Energy
2019-05-31,,,,,,EMAX,Energy
2019-06-28,,,,,,EMAX,Energy
2019-07-31,,,,,,EMAX,Energy
2019-08-30,,,,,,EMAX,Energy
2019-09-30,,,,,,EMAX,Energy
2019-10-31,,,,,,EMAX,Energy
2019-11-29,,,,,,EMAX,Energy
2019-12-31,,,,,,EMAX,Energy
2020-01-31,,,,,,EMAX,Energy
2020-02-28,,,,,,EMAX,Energy
2020-03-31,,,,,,EMAX,Energy
2020-04-30,,,,,,EMAX,Energy
2020-05-29,,,,,,EMAX,Energy
2020-06-30,,,,,,EMAX,Energy
2020-07-31,,,,,,EMAX,Energy
2020-08-31,,,,,,EMAX,Energy
2020-09-30,,,,,,EMAX,Energy
2020-10-30,,,,,,EMAX,Energy
2020-11-30,,,,,,EMAX,Energy
2020-12-31,,,,,,EMAX,Energy
2021-01-29,,,,,,EMAX,Energy
2021-02-26,,,,,,EMAX,Energy
2021-03-31,,,,,,EMAX,Energy
2021-04-30,,,,,,EMAX,Energy
2021-05-31,,,,,,EMAX,Energy
2021-06-30,,,,,,EMAX,Energy
2021-07-30,,,,,,EMAX,Energy
2021-08-31,,,,,,EMAX,Energy
2021-09-30,,,,,,EMAX,Energy
2021-10-29,,,,,,EMAX,Energy
2021-11-30,,,,,,EMAX,Energy
2021-12-31,,,,,,EMAX,Energy
2022-01-31,,,,,,EMAX,Energy
2022-02-28,,,,,,EMAX,Energy
2022-03-31,,,,,,EMAX,Energy
2022-04-29,,,,,,EMAX,Energy
2022-05-31,,,,,,EMAX,Energy
2022-06-30,,,,,,EMAX,Energy
2022-07-29,,,,,,EMAX,Energy
2022-08-31,,,,,,EMAX,Energy
2022-09-30,,,,,,EMAX,Energy
2022-10-31,,,,,,EMAX,Energy
2022-11-30,,,,,,EMAX,Energy
2022-12-30,,,,,,EMAX,Energy
2023-01-31,,,,,,EMAX,Energy
2023-02-28,,,,,,EMAX,Energy
2023-03-31,,,,,,EMAX,Energy
2023-04-28,,,,,,EMAX,Energy
2023-05-31,,,,,,EMAX,Energy
2023-06-30,,,,,,EMAX,Energy
2023-07-31,,,,,,EMAX,Energy
2023-08-31,,,,,,EMAX,Energy
2023-09-29,,,,,,EMAX,Energy
2023-10-31,,,,,,EMAX,Energy
2023-11-30,,,,,,EMAX,Energy
2023-12-29,,,,,,EMAX,Energy
2024-01-31,,,,,,EMAX,Energy
2024-02-29,94.7691,16.5898,93233450,90.9199,16.7612,EMAX,Energy
2024-03-29,107.4969,17.9534,5931061,4.7876,18.288,EMAX,Energy
2024-04-30,109.7129,17.8756,10812560,2.7861,18.3938,EMAX,Energy
2024-05-31,110.8458,17.4213,7616319,3.9484,18.1059,EMAX,Energy
2024-06-28,115.5542,16.9614,9509321,7.6009,17.782,EMAX,Energy
2024-07-31,121.3673,17.1838,8904114,4.265,18.1993,EMAX,Energy
2024-08-30,122.6727,16.2201,12273110,8.161,17.3597,EMAX,Energy
2024-09-30,129.321,15.1462,19743250,14.8818,16.384,EMAX,Energy
2024-10-31,142.0496,15.2927,25337600,11.8766,16.7365,EMAX,Energy
2024-11-29,154.922,16.0719,19463910,5.5872,17.9029,EMAX,Energy
2024-12-31,163.0575,14.8369,29164840,20.2654,16.5842,EMAX,Energy
2025-01-31,180.5501,15.0574,29535700,15.4951,17.003,EMAX,Energy
2025-02-28,193.132,15.1276,32943140,11.6716,17.2672,EMAX,Energy
2025-03-31,201.8494,15.1562,27913690,8.2668,17.4818,EMAX,Energy
2025-04-30,180.0948,12.3187,50178350,16.255,14.4076,EMAX,Energy
2025-05-30,204.4377,12.5832,49142670,21.0159,14.8926,EMAX,Energy
2025-06-30,226.2456,12.8918,57350200,17.2352,15.4544,EMAX,Energy
2025-07-31,257.3412,13.5424,52288610,19.5311,16.4121,EMAX,Energy
2025-08-29,276.9254,13.7562,42995260,15.0767,16.8442,EMAX,Energy
2025-09-30,301.2749,13.9739,57693560,19.766,17.3009,EMAX,Energy
2025-10-31,312.3537,13.8429,56938900,13.8187,17.2787,EMAX,Energy
2015-10-30,66571,7467,,-3158.6033,7495.11,03318136,Energy
2015-11-30,57926,6769,,-2520.2976,6824.4,03318136,Energy
2015-12-31,42900,5352,,-3039.2379,5426.7,03318136,Energy
2016-01-29,36518,4612,,-437.6063,4707.81,03318136,Energy
2016-02-29,34697,4391,,-73.9016,4518.02,03318136,Energy
2016-03-31,38645,4874,,129.1796,5046.56,03318136,Energy
2016-04-29,45374,5725,,-18.8701,5963.24,03318136,Energy
2016-05-31,45954,5802,,-29.3445,6075.62,03318136,Energy
2016-06-30,44018,5615,,-461.5464,5910.89,03318136,Energy
2016-07-29,44296,5680,,-230.9821,6010.14,03318136,Energy
2016-08-31,44651,5766,,-306.3916,6133.51,03318136,Energy
2016-09-30,43954,5709,,-247.7405,6104.97,03318136,Energy
2016-10-31,44395,5753,,99.2389,6183.78,03318136,Energy
2016-11-30,48200,6292,,-362.2099,6797.52,03318136,Energy
2016-12-30,55373,6984,,1858.0914,7579.18,03318136,Energy
2017-01-31,58365,7077,,2252.7513,7713.27,03318136,Energy
2017-02-28,59847,6990,,2253.5005,7649.82,03318136,Energy
2017-03-31,60894,6970,,1216.4528,7660.58,03318136,Energy
2017-04-28,58872,6792,,-461.1204,7498.22,03318136,Energy
2017-05-31,55136,6390,,-266.4285,7085.59,03318136,Energy
2017-06-30,55584,6423,,161.7703,7156.79,03318136,Energy
2017-07-31,55072,6425,,-535.7101,7192.04,03318136,Energy
2017-08-31,51807,6129,,-733.0934,6894.57,03318136,Energy
2017-09-29,52498,6360,,-1244.1826,7189.01,03318136,Energy
2017-10-31,48492,6093,,-1843.0572,6919.64,03318136,Energy
2017-11-30,43342,5583,,-1145.5573,6372.11,03318136,Energy
2017-12-29,45754,6079,,-1412.1345,6972.96,03318136,Energy
2018-01-31,44909,6137,,-1328.3012,7072.33,03318136,Energy
2018-02-28,39106,5455,,-854.1023,6320.03,03318136,Energy
2018-03-30,34374,4897,,-758.3067,5705.31,03318136,Energy
2018-04-30,37373,5380,,-378.3622,6304.89,03318136,Energy
2018-05-31,38814,5655,,-464.9573,6663.37,03318136,Energy
2018-06-29,37401,5607,,-1105.1312,6640.66,03318136,Energy
2018-07-31,38329,5873,,-832.2599,6991.57,03318136,Energy
2018-08-31,37307,5869,,-1017.3574,7021.46,03318136,Energy
2018-09-28,36168,5784,,-606.2636,6955,03318136,Energy
2018-10-31,32528,5311,,-742.6813,6419.77,03318136,Energy
2018-11-30,32259,5332,,-398.5536,6480.65,03318136,Energy
2018-12-31,27313,4621,,-709.1538,5648.71,03318136,Energy
2019-01-31,30676,5208,,-106.1544,6404.94,03318136,Energy
2019-02-28,30226,5206,,-443.732,6439.59,03318136,Energy
2019-03-29,30637,5335,,-335.4772,6636.82,03318136,Energy
2019-04-30,30488,5356,,-272.5527,6699.44,03318136,Energy
2019-05-31,28235,4988,,-164.6619,6275.21,03318136,Energy
2019-06-28,27844,4936,,-96.6833,6247.54,03318136,Energy
2019-07-31,27497,4932,,-330.6693,6278.93,03318136,Energy
2019-08-30,24799,4480,,-175.8361,5741.8,03318136,Energy
2019-09-30,25474,4625,,-126.0019,5966.05,03318136,Energy
2019-10-31,24297,4428,,-90.4967,5750.13,03318136,Energy
2019-11-29,23021,4280,,-467.0171,5596.81,03318136,Energy
2019-12-31,23539,4498,,-635.9288,5922.35,03318136,Energy
2020-01-31,22026,4237,,-154.9203,5615.33,03318136,Energy
2020-02-28,18454,3596,,-267.532,4788.36,03318136,Energy
2020-03-31,9269,1803,,-16.466,2425.11,03318136,Energy
2020-04-30,13611,2616,,131.6568,3549.73,03318136,Energy
2020-05-29,16017,3040,,188.4945,4155.9,03318136,Energy
2020-06-30,14645,2798,,-103.1392,3850.94,03318136,Energy
2020-07-31,13702,2633,,-82.6543,3651.52,03318136,Energy
2020-08-31,13661,2637,,-63.2926,3682.82,03318136,Energy
2020-09-30,12036,2344,,-109.0632,3300.65,03318136,Energy
2020-10-30,11911,2358,,-202.998,3333.98,03318136,Energy
2020-11-30,14393,2913,,-292.389,4134.73,03318136,Energy
2020-12-31,13341,2854,,-789.978,4063.92,03318136,Energy
2021-01-29,14045,3071,,-314.7093,4386.5,03318136,Energy
2021-02-26,14970,3379,,-462.3413,4841.25,03318136,Energy
2021-03-31,15525,3613,,-483.0459,5190.24,03318136,Energy
2021-04-30,16143,3833,,-314.8167,5521.45,03318136,Energy
2021-05-31,16538,4016,,-373.6339,5799.76,03318136,Energy
2021-06-30,17054,4210,,-285.6283,6093.88,03318136,Energy
2021-07-30,16155,4039,,-215.0946,5860.18,03318136,Energy
2021-08-31,15554,3963,,-292.8403,5764.24,03318136,Energy
2021-09-30,16132,4195,,-316.9823,6117.2,03318136,Energy
2021-10-29,16564,4472,,-632.6534,6535.74,03318136,Energy
2021-11-30,15409,4297,,-522.9781,6294.05,03318136,Energy
2021-12-31,14603,4250,,-630.3378,6240.05,03318136,Energy
2022-01-31,14847,4400,,-270.4127,6474.75,03318136,Energy
2022-02-28,15213,4547,,-127.9984,6706.01,03318136,Energy
2022-03-31,17019,5242,,-480.4457,7747.06,03318136,Energy
2022-04-29,17318,5285,,161.2332,7825.14,03318136,Energy
2022-05-31,18301,5537,,153.5526,8214.21,03318136,Energy
2022-06-30,17455,5312,,-103.9595,7894.25,03318136,Energy
2022-07-29,18373,5649,,-180.6449,8411.14,03318136,Energy
2022-08-31,18541,5846,,-471.757,8719.68,03318136,Energy
2022-09-30,16905,5442,,-381.3468,8130.27,03318136,Energy
2022-10-31,18540,5984,,-48.6251,8956.26,03318136,Energy
2022-11-30,17779,5818,,-248.5417,8722.85,03318136,Energy
2022-12-30,16028,5314,,-214.6383,7981.43,03318136,Energy
2023-01-31,15629,5241,,-180.0804,7886.5,03318136,Energy
2023-02-28,15803,5339,,-116.886,8049.17,03318136,Energy
2023-03-31,14856,5100,,-242.3421,7703.95,03318136,Energy
2023-04-28,14904,5158,,-122.3581,7806.42,03318136,Energy
2023-05-31,14544,5147,,-331.0538,7804.72,03318136,Energy
2023-06-30,15434,5592,,-351.6219,8495.36,03318136,Energy
2023-07-31,14963,5559,,-381.0845,8460.57,03318136,Energy
2023-08-31,15192,5713,,-182.1655,8710.29,03318136,Energy
2023-09-29,14464,5537,,-267.2014,8456.71,03318136,Energy
2023-10-31,14056,5456,,-196.3623,8348.16,03318136,Energy
2023-11-30,14361,5694,,-306.2072,8727.91,03318136,Energy
2023-12-29,13466,5570,,-584.691,8553.28,03318136,Energy
2024-01-31,13423,5689,,-325.9142,8751.63,03318136,Energy
2024-02-29,13238,5755,,-336.601,8869.1,03318136,Energy
2024-03-29,13679,6179,,-510.2887,9538.86,03318136,Energy
2024-04-30,13807,6361,,-267.7526,9835.9,03318136,Energy
2024-05-31,14062,6532,,-114.3736,10115.77,03318136,Energy
2024-06-28,14333,6839,,-377.6821,10607.25,03318136,Energy
2024-07-31,13474,6579,,-324.7399,10218.89,03318136,Energy
2024-08-30,12927,6418,,-213.9382,9984.71,03318136,Energy
2024-09-30,12784,6440,,-187.0568,10035.05,03318136,Energy
2024-10-31,13734,7108,,-366.3811,11091.81,03318136,Energy
2024-11-29,14637,7776,,-377.7603,12150.08,03318136,Energy
2024-12-31,14004,7596,,-291.4636,11884.61,03318136,Energy
2025-01-31,14289,7820,,-129.4025,12250.98,03318136,Energy
2025-02-28,13142,7320,,-243.6822,11482.71,03318136,Energy
2025-03-31,13448,7565,,-132.1101,11883.39,03318136,Energy
2025-04-30,12342,7038,,-162.9537,11072.22,03318136,Energy
2025-05-30,12367,7111,,-103.3531,11202.61,03318136,Energy
2025-06-30,12637,7362,,-163.628,11614.15,03318136,Energy
2025-07-31,13078,7680,,-101.2791,12132.41,03318136,Energy
2025-08-29,12713,7563,,-165.4164,11963.47,03318136,Energy
2025-09-30,12952,7831,,-205.8551,12403.67,03318136,Energy
2025-10-31,12437,7698,,-295.2703,12208.9,03318136,Energy
2015-10-30,,,,,,BMOCALF,Energy
2015-11-30,,,,,,BMOCALF,Energy
2015-12-31,,,,,,BMOCALF,Energy
2016-01-29,,,,,,BMOCALF,Energy
2016-02-29,,,,,,BMOCALF,Energy
2016-03-31,,,,,,BMOCALF,Energy
2016-04-29,,,,,,BMOCALF,Energy
2016-05-31,,,,,,BMOCALF,Energy
2016-06-30,,,,,,BMOCALF,Energy
2016-07-29,,,,,,BMOCALF,Energy
2016-08-31,,,,,,BMOCALF,Energy
2016-09-30,,,,,,BMOCALF,Energy
2016-10-31,,,,,,BMOCALF,Energy
2016-11-30,,,,,,BMOCALF,Energy
2016-12-30,,,,,,BMOCALF,Energy
2017-01-31,,,,,,BMOCALF,Energy
2017-02-28,,,,,,BMOCALF,Energy
2017-03-31,,,,,,BMOCALF,Energy
2017-04-28,,,,,,BMOCALF,Energy
2017-05-31,,,,,,BMOCALF,Energy
2017-06-30,,,,,,BMOCALF,Energy
2017-07-31,,,,,,BMOCALF,Energy
2017-08-31,,,,,,BMOCALF,Energy
2017-09-29,,,,,,BMOCALF,Energy
2017-10-31,,,,,,BMOCALF,Energy
2017-11-30,,,,,,BMOCALF,Energy
2017-12-29,,,,,,BMOCALF,Energy
2018-01-31,,,,,,BMOCALF,Energy
2018-02-28,,,,,,BMOCALF,Energy
2018-03-30,,,,,,BMOCALF,Energy
2018-04-30,,,,,,BMOCALF,Energy
2018-05-31,,,,,,BMOCALF,Energy
2018-06-29,,,,,,BMOCALF,Energy
2018-07-31,,,,,,BMOCALF,Energy
2018-08-31,,,,,,BMOCALF,Energy
2018-09-28,,,,,,BMOCALF,Energy
2018-10-31,,,,,,BMOCALF,Energy
2018-11-30,,,,,,BMOCALF,Energy
2018-12-31,,,,,,BMOCALF,Energy
2019-01-31,,,,,,BMOCALF,Energy
2019-02-28,,,,,,BMOCALF,Energy
2019-03-29,,,,,,BMOCALF,Energy
2019-04-30,,,,,,BMOCALF,Energy
2019-05-31,,,,,,BMOCALF,Energy
2019-06-28,,,,,,BMOCALF,Energy
2019-07-31,,,,,,BMOCALF,Energy
2019-08-30,,,,,,BMOCALF,Energy
2019-09-30,,,,,,BMOCALF,Energy
2019-10-31,,,,,,BMOCALF,Energy
2019-11-29,,,,,,BMOCALF,Energy
2019-12-31,,,,,,BMOCALF,Energy
2020-01-31,,,,,,BMOCALF,Energy
2020-02-28,,,,,,BMOCALF,Energy
2020-03-31,,,,,,BMOCALF,Energy
2020-04-30,,,,,,BMOCALF,Energy
2020-05-29,,,,,,BMOCALF,Energy
2020-06-30,,,,,,BMOCALF,Energy
2020-07-31,,,,,,BMOCALF,Energy
2020-08-31,,,,,,BMOCALF,Energy
2020-09-30,,,,,,BMOCALF,Energy
2020-10-30,,,,,,BMOCALF,Energy
2020-11-30,,,,,,BMOCALF,Energy
2020-12-31,,,,,,BMOCALF,Energy
2021-01-29,,,,,,BMOCALF,Energy
2021-02-26,,,,,,BMOCALF,Energy
2021-03-31,,,,,,BMOCALF,Energy
2021-04-30,,,,,,BMOCALF,Energy
2021-05-31,,,,,,BMOCALF,Energy
2021-06-30,,,,,,BMOCALF,Energy
2021-07-30,,,,,,BMOCALF,Energy
2021-08-31,,,,,,BMOCALF,Energy
2021-09-30,,,,,,BMOCALF,Energy
2021-10-29,,,,,,BMOCALF,Energy
2021-11-30,,,,,,BMOCALF,Energy
2021-12-31,,,,,,BMOCALF,Energy
2022-01-31,,,,,,BMOCALF,Energy
2022-02-28,,,,,,BMOCALF,Energy
2022-03-31,,,,,,BMOCALF,Energy
2022-04-29,,,,,,BMOCALF,Energy
2022-05-31,,,,,,BMOCALF,Energy
2022-06-30,,,,,,BMOCALF,Energy
2022-07-29,,,,,,BMOCALF,Energy
2022-08-31,,,,,,BMOCALF,Energy
2022-09-30,,,,,,BMOCALF,Energy
2022-10-31,,,,,,BMOCALF,Energy
2022-11-30,,,,,,BMOCALF,Energy
2022-12-30,,,,,,BMOCALF,Energy
2023-01-31,,,,,,BMOCALF,Energy
2023-02-28,,,,,,BMOCALF,Energy
2023-03-31,,,,,,BMOCALF,Energy
2023-04-28,,,,,,BMOCALF,Energy
2023-05-31,,,,,,BMOCALF,Energy
2023-06-30,0.506507,10.0782,,-0.0015,10.0782,BMOCALF,Energy
2023-07-31,0.960278,10.51,,0.4143,10.51,BMOCALF,Energy
2023-08-31,1.052433,10.9075,,0.0545,10.9075,BMOCALF,Energy
2023-09-29,1.107249,11.1402,,-0.0263,11.1402,BMOCALF,Energy
2023-10-31,0.745197,11.0618,,-0.3527,11.0618,BMOCALF,Energy
2023-11-30,0.728494,10.9245,,0.0278,10.9245,BMOCALF,Energy
2023-12-29,0.755783,10.1781,,0.0092,10.1781,BMOCALF,Energy
2024-01-31,0.755783,10.1738,,0.1476,10.1738,BMOCALF,Energy
2024-02-29,0.755783,10.3152,,0.8023,10.3152,BMOCALF,Energy
2024-03-29,0.755783,11.0747,,0.118,11.0747,BMOCALF,Energy
2024-04-30,0.755783,10.9658,,0.0583,10.9658,BMOCALF,Energy
2024-05-31,0.755783,10.8713,,-0.0266,10.973301,BMOCALF,Energy
2024-06-28,0.755783,10.6512,,0.0375,10.751136,BMOCALF,Energy
2024-07-31,0.755783,10.836,,0.0504,10.93767,BMOCALF,Energy
2024-08-30,0.755783,10.5109,,0.0448,10.60952,BMOCALF,Energy
2024-09-30,0.755783,9.9784,,-0.2349,10.072024,BMOCALF,Energy
2024-10-31,0.755783,10.1944,,0.0309,10.29005,BMOCALF,Energy
2024-11-29,0.755783,10.7005,,-0.2029,10.800899,BMOCALF,Energy
2024-12-31,0.755783,10.1778,,-0.0401,10.273294,BMOCALF,Energy
2025-01-31,0.755783,10.3975,,-0.0199,10.495056,BMOCALF,Energy
2025-02-28,0.755783,10.5593,,-0.289,10.658374,BMOCALF,Energy
2025-03-31,0.755783,10.7948,,0.0143,10.896084,BMOCALF,Energy
2025-04-30,0.755783,9.1703,,0.3592,9.256341,BMOCALF,Energy
2025-05-30,0.755783,9.4065,,0.0291,9.571481,BMOCALF,Energy
2025-06-30,0.755783,9.6062,,0.5053,9.85367,BMOCALF,Energy
2025-07-31,0.755783,9.821,,0.0088,10.156524,BMOCALF,Energy
2025-08-29,0.755783,10.0343,,0.0364,10.462553,BMOCALF,Energy
2025-09-30,0.755783,10.1617,,0.1745,10.679238,BMOCALF,Energy
2025-10-31,0.755783,9.9356,,0.041,10.526775,BMOCALF,Energy
2015-10-30,68648,8349,,-3045.6514,8397.97,02312142,Energy
2015-11-30,59290,7763,,-4752.0853,7857.62,02312142,Energy
2015-12-31,46563,6885,,-5970.7595,7024.64,02312142,Energy
2016-01-29,40885,6032,,53.4695,6212.51,02312142,Energy
2016-02-29,38398,5542,,856.9813,5761.73,02312142,Energy
2016-03-31,40928,5846,,423.3278,6129.49,02312142,Energy
2016-04-29,46022,6514,,373.547,6885.43,02312142,Energy
2016-05-31,46784,6572,,339.203,6999.24,02312142,Energy
2016-06-30,44310,6408,,-1316.4275,6878.63,02312142,Energy
2016-07-29,44108,6477,,-679.7169,7004.53,02312142,Energy
2016-08-31,42175,6389,,-1321.6194,6964.04,02312142,Energy
2016-09-30,40160,6265,,-1210.2043,6884.93,02312142,Energy
2016-10-31,38847,6225,,-1067.3342,6894.67,02312142,Energy
2016-11-30,39691,6497,,-837.4674,7250.2,02312142,Energy
2016-12-30,42744,7222,,-1327.6764,8116.56,02312142,Energy
2017-01-31,42680,7229,,-106.7001,8181.42,02312142,Energy
2017-02-28,41615,7154,,-646.518,8151.76,02312142,Energy
2017-03-31,39136,6944,,-1289.7315,7969.62,02312142,Energy
2017-04-28,37599,6823,,-852.4042,7889.54,02312142,Energy
2017-05-31,34563,6463,,-1103.6978,7529.05,02312142,Energy
2017-06-30,32977,6355,,-998.9223,7463.51,02312142,Energy
2017-07-31,31900,6316,,-891.5501,7475.07,02312142,Energy
2017-08-31,29042,5870,,-625.7153,7008.15,02312142,Energy
2017-09-29,29385,6071,,-643.4024,7308.27,02312142,Energy
2017-10-31,27130,5837,,-1147.7404,7086.29,02312142,Energy
2017-11-30,24279,5404,,-890.5297,6619.37,02312142,Energy
2017-12-29,24821,5890,,-1618.9743,7276.76,02312142,Energy
2018-01-31,23945,5991,,-1348.9148,7461.7,02312142,Energy
2018-02-28,20816,5376,,-718.8661,6756.55,02312142,Energy
2018-03-30,18299,4817,,-364.7332,6115.83,02312142,Energy
2018-04-30,19626,5300,,-482.0714,6793.68,02312142,Energy
2018-05-31,19801,5494,,-543.4794,7105.03,02312142,Energy
2018-06-29,18999,5423,,-558.0262,7077.3,02312142,Energy
2018-07-31,19565,5715,,-447.3291,7523.6,02312142,Energy
2018-08-31,19250,5794,,-594.3081,7692.64,02312142,Energy
2018-09-28,18672,5718,,-328.5723,7657.64,02312142,Energy
2018-10-31,16450,5159,,-433.666,6971.01,02312142,Energy
2018-11-30,15977,5122,,-361.3686,6988.75,02312142,Energy
2018-12-31,13580,4421,,-243.6534,6096.45,02312142,Energy
2019-01-31,15185,4943,,-2.4266,6885.62,02312142,Energy
2019-02-28,15291,5035,,-174.3715,7081.41,02312142,Energy
2019-03-29,15115,5110,,-405.8198,7256.24,02312142,Energy
2019-04-30,14826,5099,,-261.0196,7311.91,02312142,Energy
2019-05-31,13755,4805,,-223.7856,6958.74,02312142,Energy
2019-06-28,13450,4736,,-109.6231,6931.46,02312142,Energy
2019-07-31,13458,4803,,-184.5797,7102.02,02312142,Energy
2019-08-30,12418,4395,,100.5139,6571.92,02312142,Energy
2019-09-30,12347,4422,,-149.8325,6685.04,02312142,Energy
2019-10-31,11471,4146,,-107.4121,6342.12,02312142,Energy
2019-11-29,10497,3933,,-398.7464,6095.38,02312142,Energy
2019-12-31,12164,4192,,930.7713,6575.2,02312142,Energy
2020-01-31,11525,3915,,171.4932,6212.63,02312142,Energy
2020-02-28,10675,3327,,1027.3408,5346.92,02312142,Energy
2020-03-31,5678,1709,,240.6651,2821.22,02312142,Energy
2020-04-30,10284,2641,,1157.6029,4399.6,02312142,Energy
2020-05-29,11279,2793,,363.1034,4687.63,02312142,Energy
2020-06-30,9393,2525,,-990.3263,4268.22,02312142,Energy
2020-07-31,8867,2422,,-143.6955,4127.51,02312142,Energy
2020-08-31,8896,2448,,-68.4337,4204.78,02312142,Energy
2020-09-30,7631,2138,,-150.092,3706.36,02312142,Energy
2020-10-30,7391,2156,,-303.7162,3771.36,02312142,Energy
2020-11-30,8478,2622,,-489.131,4622.52,02312142,Energy
2020-12-31,7471,2542,,-813.1373,4514.9,02312142,Energy
2021-01-29,7871,2752,,-225.8673,4921.61,02312142,Energy
2021-02-26,8561,3021,,-77.124,5439.97,02312142,Energy
2021-03-31,8759,3170,,-224.0679,5743.95,02312142,Energy
2021-04-30,9248,3429,,-217.4465,6251.88,02312142,Energy
2021-05-31,9441,3559,,-155.579,6525.77,02312142,Energy
2021-06-30,9437,3686,,-350.0762,6795.36,02312142,Energy
2021-07-30,8782,3538,,-289.9416,6561.62,02312142,Energy
2021-08-31,8097,3388,,-316.8711,6321.82,02312142,Energy
2021-09-30,8331,3577,,-207.8728,6715.09,02312142,Energy
2021-10-29,8032,3834,,-921.877,7233.72,02312142,Energy
2021-11-30,7283,3570,,-206.7618,6772.73,02312142,Energy
2021-12-31,7129,3607,,-224.1539,6882.35,02312142,Energy
2022-01-31,6793,4016,,-1107.3037,7701.26,02312142,Energy
2022-02-28,6713,4079,,-185.6355,7860.64,02312142,Energy
2022-03-31,7600,4697,,-121.291,9092.8,02312142,Energy
2022-04-29,7834,4898,,-85.6305,9518.59,02312142,Energy
2022-05-31,8175,5198,,-132.5793,10142.96,02312142,Energy
2022-06-30,7311,4799,,-268.891,9404.75,02312142,Energy
2022-07-29,7861,5222,,-87.5438,10274.19,02312142,Energy
2022-08-31,8148,5546,,-194.7964,10951.3,02312142,Energy
2022-09-30,7766,5317,,-43.1665,10535.92,02312142,Energy
2022-10-31,8464,6106,,-435.4368,12140.16,02312142,Energy
2022-11-30,7777,5764,,-219.4409,11499.87,02312142,Energy
2022-12-30,6759,5148,,-190.8375,10311.11,02312142,Energy
2023-01-31,6607,5031,,1.5045,10117.76,02312142,Energy
2023-02-28,6715,5177,,-82.7044,10451.77,02312142,Energy
2023-03-31,6453,4979,,-5.9653,10094.2,02312142,Energy
2023-04-28,6537,5066,,-28.7094,10310.97,02312142,Energy
2023-05-31,6721,5284,,-98.5238,10794.95,02312142,Energy
2023-06-30,6972,5537,,-68.2487,11353.59,02312142,Energy
2023-07-31,7024,5647,,-86.6696,11621.24,02312142,Energy
2023-08-31,7290,5917,,-67.9928,12218.71,02312142,Energy
2023-09-29,7560,6201,,-77.7086,12847.2,02312142,Energy
2023-10-31,7249,6074,,-157.6713,12624.12,02312142,Energy
2023-11-30,7308,6276,,-181.6506,13085.34,02312142,Energy
2023-12-29,6823,5930,,-88.0173,12405.11,02312142,Energy
2024-01-31,7016,6320,,-251.8868,13264.8,02312142,Energy
2024-02-29,7295,6580,,-12.3302,13852.96,02312142,Energy
2024-03-29,7492,6893,,-145.4166,14554.34,02312142,Energy
2024-04-30,7561,7147,,-201.309,15134.07,02312142,Energy
2024-05-31,7198,6865,,-66.1659,14578.09,02312142,Energy
2024-06-28,7540,7400,,-206.6498,15758.85,02312142,Energy
2024-07-31,7101,7077,,-110.0876,15111.65,02312142,Energy
2024-08-30,6600,6674,,-95.2214,14293.4,02312142,Energy
2024-09-30,6355,6527,,-99.4389,14021.21,02312142,Energy
2024-10-31,6574,6955,,-195.05,14984.44,02312142,Energy
2024-11-29,7052,7507,,-41.468,16217.35,02312142,Energy
2024-12-31,6749,7447,,-244.7285,16131.7,02312142,Energy
2025-01-31,6973,7921,,-206.3543,17201.78,02312142,Energy
2025-02-28,6651,7607,,-46.7992,16562.06,02312142,Energy
2025-03-31,6802,7823,,-36.3993,17076.37,02312142,Energy
2025-04-30,6177,6999,,85.4085,15322.17,02312142,Energy
2025-05-30,6071,7009,,-115.5288,15386.67,02312142,Energy
2025-06-30,6151,7153,,-44.4717,15746.65,02312142,Energy
2025-07-31,6056,7438,,-332.0344,16419.84,02312142,Energy
2025-08-29,5841,7231,,-46.8924,16007.31,02312142,Energy
2025-09-30,5655,7087,,-70.3747,15733.04,02312142,Energy
2025-10-31,5714,7270,,-85.0271,16185.81,02312142,Energy
2015-10-30,212.53387485,6.7,,-0.0307,6.7,GNSREIB,Energy
2015-11-30,185.71268233,6.23,,-0.0537,6.23,GNSREIB,Energy
2015-12-31,157.71137285,5.26,,0.0151,5.358434518,GNSREIB,Energy
2016-01-29,134.6155063,5.02,,-0.059,5.11394321,GNSREIB,Energy
2016-02-29,131.57901866,5.03,,-0.3986,5.124130347,GNSREIB,Energy
2016-03-31,137.71305332,5.53,,0.0949,5.633487241,GNSREIB,Energy
2016-04-29,144.27692278,6.06,,-0.1086,6.173405548,GNSREIB,Energy
2016-05-31,142.41545096,6.04,,0.0075,6.153031272,GNSREIB,Energy
2016-06-30,139.7385241,6.08,,-0.0258,6.193779824,GNSREIB,Energy
2016-07-29,135.27610561,5.98,,-0.0559,6.091908445,GNSREIB,Energy
2016-08-31,141.74982244,6.41,,-0.3942,6.529955373,GNSREIB,Energy
2016-09-30,147.44932133,6.7,,0.0035,6.825382371,GNSREIB,Energy
2016-10-31,136.64909205,6.36,,-0.0159,6.479019684,GNSREIB,Energy
2016-11-30,148.25808288,6.83,,0.6071,6.957815164,GNSREIB,Energy
2016-12-30,148.35006093,6.88,,0.0672,7.066169695,GNSREIB,Energy
2017-01-31,145.48296591,6.81,,-0.216,6.994275526,GNSREIB,Energy
2017-02-28,139.91580624,6.68,,0.014,6.860757785,GNSREIB,Energy
2017-03-31,149.17141892,6.74,,-0.0211,6.922381358,GNSREIB,Energy
2017-04-28,142.72885407,6.5,,-0.6545,6.675887066,GNSREIB,Energy
2017-05-31,136.27465053,6.12,,-0.2841,6.285604438,GNSREIB,Energy
2017-06-30,137.92533958,6.1,,-0.0036,6.265063247,GNSREIB,Energy
2017-07-31,133.540146,6.29,,-0.0085,6.460204561,GNSREIB,Energy
2017-08-31,119.00973481,5.86,,-0.1176,6.018568955,GNSREIB,Energy
2017-09-29,126.35996421,6.28,,0.0216,6.449933966,GNSREIB,Energy
2017-10-31,120.76249898,6.07,,-0.1644,6.23425146,GNSREIB,Energy
2017-11-30,120.75115297,6.21,,-0.0719,6.378039797,GNSREIB,Energy
2017-12-29,127.01003818,6.63,,-0.1332,6.862372481,GNSREIB,Energy
2018-01-31,121.86880558,6.7,,-0.0238,6.934825885,GNSREIB,Energy
2018-02-28,109.86002482,6.28,,-0.2986,6.500105457,GNSREIB,Energy
2018-03-30,104.77402725,6.12,,-0.1496,6.334497674,GNSREIB,Energy
2018-04-30,112.79420771,6.67,,-0.1234,6.903774426,GNSREIB,Energy
2018-05-31,106.97400489,6.87,,0,7.110784154,GNSREIB,Energy
2018-06-29,105.79897745,6.92,,0.0138,7.162536586,GNSREIB,Energy
2018-07-31,102.18512586,7.03,,-0.1235,7.276391936,GNSREIB,Energy
2018-08-31,99.70558797,6.91,,-0.2462,7.1521861,GNSREIB,Energy
2018-09-28,99.57742038,6.96,,-0.1869,7.203938532,GNSREIB,Energy
2018-10-31,87.65512797,6.32,,-0.056,6.541507402,GNSREIB,Energy
2018-11-30,83.40921202,6.09,,0.0335,6.303446215,GNSREIB,Energy
2018-12-31,73.71067442,5.4,,-0.0275,5.652815351,GNSREIB,Energy
2019-01-31,82.66008829,6.15,,-0.026,6.437928594,GNSREIB,Energy
2019-02-28,83.0580369,6.18,,0.0154,6.469333123,GNSREIB,Energy
2019-03-29,84.2592827,6.34,,-0.0056,6.636823949,GNSREIB,Energy
2019-04-30,81.39243694,6.38,,-0.0326,6.678696655,GNSREIB,Energy
2019-05-31,74.63302427,5.91,,-0.1139,6.186692356,GNSREIB,Energy
2019-06-28,78.23204493,6.22,,-0.0263,6.51120583,GNSREIB,Energy
2019-07-31,74.212224,6.06,,-0.1757,6.343715004,GNSREIB,Energy
2019-08-30,68.28446107,5.67,,-0.1329,5.935456118,GNSREIB,Energy
2019-09-30,70.48252368,5.9,,-0.0486,6.176224179,GNSREIB,Energy
2019-10-31,66.43786218,5.7,,0,5.966860648,GNSREIB,Energy
2019-11-29,65.00516943,5.7,,-0.0628,5.966860648,GNSREIB,Energy
2019-12-31,65.97121778,5.95,,-0.0542,6.338975276,GNSREIB,Energy
2020-01-31,59.73918404,5.58,,0,5.944786897,GNSREIB,Energy
2020-02-28,49.16152109,4.68,,-0.0588,4.985950301,GNSREIB,Energy
2020-03-31,31.03616116,3.16,,-0.0015,3.366581827,GNSREIB,Energy
2020-04-30,38.46860056,3.98,,0.0081,4.240188504,GNSREIB,Energy
2020-05-29,39.43255178,4.08,,0.0106,4.346725903,GNSREIB,Energy
2020-06-30,37.08413734,3.88,,0.0033,4.133651104,GNSREIB,Energy
2020-07-31,36.86076428,3.95,,0,4.208227284,GNSREIB,Energy
2020-08-31,37.20008308,4.05,,-0.09,4.314764684,GNSREIB,Energy
2020-09-30,32.58077932,3.64,,-0.0838,3.877961345,GNSREIB,Energy
2020-10-30,30.7628257,3.51,,-0.111,3.739462726,GNSREIB,Energy
2020-11-30,39.22274368,4.51,,0.0035,4.804836722,GNSREIB,Energy
2020-12-31,39.00083579,4.43,,0.003,4.830479764,GNSREIB,Energy
2021-01-29,40.91346644,4.71,,0,5.135792255,GNSREIB,Energy
2021-02-26,43.84648401,5.04,,-0.0863,5.495624833,GNSREIB,Energy
2021-03-31,47.51974651,5.29,,0.0498,5.768225271,GNSREIB,Energy
2021-04-30,47.29080356,5.54,,0.1147,6.04082571,GNSREIB,Energy
2021-05-31,50.57184173,5.79,,0.061,6.313426148,GNSREIB,Energy
2021-06-30,54.37223762,6.06,,-0.0481,6.607834621,GNSREIB,Energy
2021-07-30,52.12127008,5.71,,-0.0683,6.226194007,GNSREIB,Energy
2021-08-31,47.40733209,5.59,,0,6.095345797,GNSREIB,Energy
2021-09-30,50.7728238,6.09,,-0.1879,6.640546673,GNSREIB,Energy
2021-10-29,58.73782758,6.65,,0.2391,7.251171655,GNSREIB,Energy
2021-11-30,54.49088826,6.28,,0.2576,6.847723006,GNSREIB,Energy
2021-12-31,53.45254319,6.19,,0.0014,6.842381536,GNSREIB,Energy
2022-01-31,60.98827889,6.8,,-0.0109,7.516671155,GNSREIB,Energy
2022-02-28,64.17722599,7.27,,0.3347,8.036205779,GNSREIB,Energy
2022-03-31,83.84138619,8.12,,1.1868,8.975789673,GNSREIB,Energy
2022-04-29,97.79202943,8.1,,-1.1937,8.953681817,GNSREIB,Energy
2022-05-31,117.48963777,8.88,,0.1078,9.815888214,GNSREIB,Energy
2022-06-30,102.36770069,7.43,,0.0155,8.213068629,GNSREIB,Energy
2022-07-29,102.86962288,8.01,,-0.6749,8.854196463,GNSREIB,Energy
2022-08-31,112.97100884,8.16,,0.0217,9.020005386,GNSREIB,Energy
2022-09-30,104.7794559,7.4,,-0.1985,8.179906845,GNSREIB,Energy
2022-10-31,125.77391519,8.69,,-0.0889,9.605863578,GNSREIB,Energy
2022-11-30,124.34271383,8.9,,0.0376,9.83799607,GNSREIB,Energy
2022-12-30,110.68094509,8.32,,0.0217,9.316921784,GNSREIB,Energy
2023-01-31,104.15392829,8.48,,-0.0341,9.496093357,GNSREIB,Energy
2023-02-28,95.04836606,8.17,,-0.0443,9.148948435,GNSREIB,Energy
2023-03-31,90.15292438,7.99,,-0.0656,8.947380416,GNSREIB,Energy
2023-04-28,90.0885164,8.12,,-0.0554,9.092957318,GNSREIB,Energy
2023-05-31,80.19375722,7.6,,-0.0703,8.510649707,GNSREIB,Energy
2023-06-30,79.42370605,8.13,,-0.2074,9.104155542,GNSREIB,Energy
2023-07-31,80.85342769,8.6,,0,9.630472037,GNSREIB,Energy
2023-08-31,80.5720629,8.67,,-0.0026,9.7088596,GNSREIB,Energy
2023-09-29,80.41990475,8.77,,-0.0171,9.820841833,GNSREIB,Energy
2023-10-31,75.61207804,8.43,,-0.0086,9.440102241,GNSREIB,Energy
2023-11-30,77.42433665,8.78,,0,9.832040056,GNSREIB,Energy
2023-12-29,70.73229749,8.59,,-0.0258,9.739592514,GNSREIB,Energy
2024-01-31,70.07402452,8.67,,-0.088,9.830298847,GNSREIB,Energy
2024-02-29,67.8377824,8.87,,-0.004,10.05706468,GNSREIB,Energy
2024-03-29,67.8943632,9.58,,0.0164,10.862083386,GNSREIB,Energy
2024-04-30,67.944657,9.73,,0,11.03215776,GNSREIB,Energy
2024-05-31,67.54494973,9.57,,0.0379,10.850745094,GNSREIB,Energy
2024-06-28,68.61654875,9.78,,0.0526,11.088849218,GNSREIB,Energy
2024-07-31,67.47719852,10.08,,0.1373,11.428997967,GNSREIB,Energy
2024-08-30,65.98824188,10.01,,-0.4198,11.349629926,GNSREIB,Energy
2024-09-30,65.18203778,9.85,,-0.1287,11.16821726,GNSREIB,Energy
2024-10-31,69.82514922,10.18,,0.0263,11.542380884,GNSREIB,Energy
2024-11-29,84.43302621,11.18,,0.1398,12.676210047,GNSREIB,Energy
2024-12-31,78.90450503,10.26,,-0.0733,11.73988047,GNSREIB,Energy
2025-01-31,92.55319865,10.71,,0.1073,12.254787508,GNSREIB,Energy
2025-02-28,98.51028595,10.68,,-0.1326,12.220460372,GNSREIB,Energy
2025-03-31,100.43303759,11.1,,-0.3827,12.701040274,GNSREIB,Energy
2025-04-30,86.54058161,9.93,,0,11.362281975,GNSREIB,Energy
2025-05-30,87.58210685,10.14,,-0.0594,11.602571926,GNSREIB,Energy
2025-06-30,90.2294293,10.57,,0.0162,12.094594207,GNSREIB,Energy
2025-07-31,87.90174358,10.74,,-0.006,12.289114644,GNSREIB,Energy
2025-08-29,87.7365863,10.91,,-0.0162,12.48363508,GNSREIB,Energy
2025-09-30,86.19839719,10.97,,0.032,12.552289352,GNSREIB,Energy
2025-10-31,80.09312512,10.56,,-0.0302,12.083151828,GNSREIB,Energy
2015-10-30,,,,,,UMI,Energy
2015-11-30,,,,,,UMI,Energy
2015-12-31,,,,,,UMI,Energy
2016-01-29,,,,,,UMI,Energy
2016-02-29,,,,,,UMI,Energy
2016-03-31,,,,,,UMI,Energy
2016-04-29,,,,,,UMI,Energy
2016-05-31,,,,,,UMI,Energy
2016-06-30,,,,,,UMI,Energy
2016-07-29,,,,,,UMI,Energy
2016-08-31,,,,,,UMI,Energy
2016-09-30,,,,,,UMI,Energy
2016-10-31,,,,,,UMI,Energy
2016-11-30,,,,,,UMI,Energy
2016-12-30,,,,,,UMI,Energy
2017-01-31,,,,,,UMI,Energy
2017-02-28,,,,,,UMI,Energy
2017-03-31,,,,,,UMI,Energy
2017-04-28,,,,,,UMI,Energy
2017-05-31,,,,,,UMI,Energy
2017-06-30,,,,,,UMI,Energy
2017-07-31,,,,,,UMI,Energy
2017-08-31,,,,,,UMI,Energy
2017-09-29,,,,,,UMI,Energy
2017-10-31,,,,,,UMI,Energy
2017-11-30,,,,,,UMI,Energy
2017-12-29,,,,,,UMI,Energy
2018-01-31,,,,,,UMI,Energy
2018-02-28,,,,,,UMI,Energy
2018-03-30,,,,,,UMI,Energy
2018-04-30,,,,,,UMI,Energy
2018-05-31,,,,,,UMI,Energy
2018-06-29,,,,,,UMI,Energy
2018-07-31,,,,,,UMI,Energy
2018-08-31,,,,,,UMI,Energy
2018-09-28,,,,,,UMI,Energy
2018-10-31,,,,,,UMI,Energy
2018-11-30,,,,,,UMI,Energy
2018-12-31,,,,,,UMI,Energy
2019-01-31,,,,,,UMI,Energy
2019-02-28,,,,,,UMI,Energy
2019-03-29,,,,,,UMI,Energy
2019-04-30,,,,,,UMI,Energy
2019-05-31,,,,,,UMI,Energy
2019-06-28,,,,,,UMI,Energy
2019-07-31,,,,,,UMI,Energy
2019-08-30,,,,,,UMI,Energy
2019-09-30,,,,,,UMI,Energy
2019-10-31,,,,,,UMI,Energy
2019-11-29,,,,,,UMI,Energy
2019-12-31,,,,,,UMI,Energy
2020-01-31,,,,,,UMI,Energy
2020-02-28,,,,,,UMI,Energy
2020-03-31,,,,,,UMI,Energy
2020-04-30,,,,,,UMI,Energy
2020-05-29,,,,,,UMI,Energy
2020-06-30,,,,,,UMI,Energy
2020-07-31,,,,,,UMI,Energy
2020-08-31,,,,,,UMI,Energy
2020-09-30,,,,,,UMI,Energy
2020-10-30,,,,,,UMI,Energy
2020-11-30,,,,,,UMI,Energy
2020-12-31,,,,,,UMI,Energy
2021-01-29,,,,,,UMI,Energy
2021-02-26,,,,,,UMI,Energy
2021-03-31,41.2157,24.9792,48419970,39.8651,25.07,UMI,Energy
2021-04-30,75.4394,26.47,33749820,30.4322,26.4501,UMI,Energy
2021-05-31,90.5455,28.2955,24088430,9.9355,28.36,UMI,Energy
2021-06-30,99.7851,29.3486,11349630,5.9051,29.5914,UMI,Energy
2021-07-30,96.0068,28.2373,7577123,0,28.4545,UMI,Energy
2021-08-31,94.8293,27.891,10907050,0,28.1799,UMI,Energy
2021-09-30,103.4983,29.1545,16481870,4.2743,29.8314,UMI,Energy
2021-10-29,122.1706,30.9293,15994870,12.1096,31.4502,UMI,Energy
2021-11-30,113.6132,28.4033,15059310,1.4883,29.3413,UMI,Energy
2021-12-31,118.5918,28.9248,11487620,2.8518,29.7786,UMI,Energy
2022-01-31,130.0507,31.3375,8911309,1.5504,32.2981,UMI,Energy
2022-02-28,143.969,32.7202,14615890,7.9544,34.0703,UMI,Energy
2022-03-31,157.3298,34.9622,22613110,3.4762,36.5213,UMI,Energy
2022-04-29,157.2838,34.1921,9724558,3.5512,35.6073,UMI,Energy
2022-05-31,166.5003,35.8065,14663340,1.756,37.6692,UMI,Energy
2022-06-30,151.1223,31.1592,20946400,6.8037,32.7409,UMI,Energy
2022-07-29,172.7764,34.5553,9254861,4.6189,36.2993,UMI,Energy
2022-08-31,171.9236,34.3847,10168540,0,36.6172,UMI,Energy
2022-09-30,158.1928,31.0182,12748830,3.3972,32.9758,UMI,Energy
2022-10-31,180.279,34.669,10540120,3.2666,36.8679,UMI,Energy
2022-11-30,191.1246,35.7242,15965030,5.3186,38.3706,UMI,Energy
2022-12-30,180.682,33.4596,10122020,1.6503,36.1104,UMI,Energy
2023-01-31,192.5595,35.0108,13787450,3.5004,37.7468,UMI,Energy
2023-02-28,191.8032,33.3571,14524830,8.5311,36.5069,UMI,Energy
2023-03-31,195.1344,33.0736,15559990,4.9386,36.141,UMI,Energy
2023-04-28,199.43,33.8017,8225233,0,36.9269,UMI,Energy
2023-05-31,190.3224,31.987,8519527,1.6245,35.3739,UMI,Energy
2023-06-30,205.2378,34.2063,7030852,1.6979,37.9231,UMI,Energy
2023-07-31,216.3342,35.7577,6912937,1.7715,39.5534,UMI,Energy
2023-08-31,213.9007,35.3555,7114906,0,39.6137,UMI,Energy
2023-09-29,216.5476,35.211,5389831,3.5591,39.4899,UMI,Energy
2023-10-31,215.4698,35.0357,8165094,0,39.2403,UMI,Energy
2023-11-30,228.033,36.8985,6516190,1.0884,41.7955,UMI,Energy
2023-12-29,227.7928,36.5053,7532877,2.1793,41.3748,UMI,Energy
2024-01-31,225.1259,36.6655,20755340,-3.6506,41.6308,UMI,Energy
2024-02-29,232.2859,37.7701,10643540,0.3747,43.4104,UMI,Energy
2024-03-29,251.2251,40.2604,8110846,3.5202,46.3798,UMI,Energy
2024-04-30,254.9078,40.0798,9539113,4.8275,46.1709,UMI,Energy
2024-05-31,264.3242,40.9171,10746650,4.0682,47.5566,UMI,Energy
2024-06-28,273.2763,41.9779,6495297,2.0571,48.8922,UMI,Energy
2024-07-31,293.4021,43.084,25223740,12.7219,50.1932,UMI,Energy
2024-08-30,306.0731,44.6171,15817690,2.2042,52.4783,UMI,Energy
2024-09-30,311.8206,44.8018,16879740,4.8913,52.7446,UMI,Energy
2024-10-31,328.5015,46.7951,14540130,4.677,55.2413,UMI,Energy
2024-11-29,388.0876,53.2356,28441590,11.361,63.2428,UMI,Energy
2024-12-31,364.8684,49.5745,30676130,3.54,59.168,UMI,Energy
2025-01-31,393.2961,51.4786,35644610,14.6049,61.468,UMI,Energy
2025-02-28,364.3347,51.6787,58438110,-30.667,61.8321,UMI,Energy
2025-03-31,373.3588,52.0057,20615000,6.586,62.3603,UMI,Energy
2025-04-30,358.9269,48.9013,22821530,7.6684,58.7495,UMI,Energy
2025-05-30,370.5319,49.7381,15974190,5.4325,60.2221,UMI,Energy
2025-06-30,385.4486,51.0549,20086110,5.0178,61.8494,UMI,Energy
2025-07-31,388.2544,50.6872,18040920,5.4864,61.4342,UMI,Energy
2025-08-29,385.9548,50.6526,22015640,-1.9999,61.8885,UMI,Energy
2025-09-30,396.4398,51.3562,15618060,5.119,62.8521,UMI,Energy
2025-10-31,373.611,48.3353,16778260,0.4888,59.2961,UMI,Energy
2015-10-30,742.3673,13.13,89545420,,13.1785,NML,Energy
2015-11-30,633.276,11.2,92660200,,10.7723,NML,Energy
2015-12-31,463.9201,8.2,170750700,,8.4142,NML,Energy
2016-01-29,365.1409,6.46,78980060,,7.5286,NML,Energy
2016-02-29,351.3918,6.21,43662450,,7.3317,NML,Energy
2016-03-31,388.9191,6.87,44899200,,7.5569,NML,Energy
2016-04-29,470.3002,8.3,48420670,,8.1432,NML,Energy
2016-05-31,494.9222,8.74,44780800,,8.4234,NML,Energy
2016-06-30,522.6675,9.22,47161490,,9.3924,NML,Energy
2016-07-29,534.3717,9.43,36512200,,9.555,NML,Energy
2016-08-31,549.1503,9.69,47029700,,9.9883,NML,Energy
2016-09-30,564.8696,9.97,34257480,,10.5036,NML,Energy
2016-10-31,544.4394,9.61,23239470,,9.8854,NML,Energy
2016-11-30,572.0299,10.1,47662850,,10.6904,NML,Energy
2016-12-30,606.0016,10.7,62934210,,10.8225,NML,Energy
2017-01-31,630.3587,11.13,53369910,,11.7648,NML,Energy
2017-02-28,637.2179,11.25,59146160,,11.9669,NML,Energy
2017-03-31,634.2193,11.19,55008110,,11.8694,NML,Energy
2017-04-28,620.9285,10.96,29451430,,11.746,NML,Energy
2017-05-31,586.3001,10.35,36931930,,11.2436,NML,Energy
2017-06-30,584.7894,10.32,45481270,,11.4658,NML,Energy
2017-07-31,601.6547,10.62,36992040,,11.8672,NML,Energy
2017-08-31,580.2821,10.24,40795950,,11.4439,NML,Energy
2017-09-29,577.1024,10.19,37743170,,11.5228,NML,Energy
2017-10-31,547.6072,9.66,62180940,,10.712,NML,Energy
2017-11-30,520.7249,9.19,62706130,,10.366,NML,Energy
2017-12-29,551.9898,9.74,68481950,,11.5911,NML,Energy
2018-01-31,592.9072,10.46,57234440,,12.2392,NML,Energy
2018-02-28,512.246,9.04,39236010,,10.799,NML,Energy
2018-03-30,472.7578,8.34,42295040,,10.2646,NML,Energy
2018-04-30,505.5078,8.92,30558300,,10.7636,NML,Energy
2018-05-31,552.8082,9.76,38848670,,11.5182,NML,Energy
2018-06-29,536.8307,9.47,29509590,,11.2422,NML,Energy
2018-07-31,561.0755,9.9,34160870,,11.6723,NML,Energy
2018-08-31,558.8119,9.86,33416570,,11.5094,NML,Energy
2018-09-28,541.8661,9.56,38873330,,11.347,NML,Energy
2018-10-31,488.5348,8.68,38662410,,9.9492,NML,Energy
2018-11-30,493.8764,8.72,44390410,,9.97,NML,Energy
2018-12-31,423.7493,7.48,83542850,,8.9246,NML,Energy
2019-01-31,492.2322,8.69,41234810,,10.2961,NML,Energy
2019-02-28,487.0041,8.6,29932720,,10.1661,NML,Energy
2019-03-29,513.2531,9.06,27963230,,10.8507,NML,Energy
2019-04-30,503.3896,8.88,25555230,,10.8145,NML,Energy
2019-05-31,471.8632,8.33,27295700,,10.2139,NML,Energy
2019-06-28,485.0374,8.56,22079120,,10.4563,NML,Energy
2019-07-31,473.5035,8.36,25159140,,10.3477,NML,Energy
2019-08-30,446.114,7.87,39322850,,9.7391,NML,Energy
2019-09-30,463.4756,8.18,32763000,,10.2549,NML,Energy
2019-10-31,427.661,7.55,36959300,,9.3899,NML,Energy
2019-11-29,409.768,7.23,46473120,,9.1532,NML,Energy
2019-12-31,437.0662,7.71,78965020,,9.8713,NML,Energy
2020-01-31,408.1503,7.2,41866190,,9.6378,NML,Energy
2020-02-28,344.2061,6.08,36020740,,8.3668,NML,Energy
2020-03-31,136.4459,2.41,56285630,,2.8655,NML,Energy
2020-04-30,202.5605,3.58,26220010,,4.358,NML,Energy
2020-05-29,219.2981,3.87,14547980,,4.7755,NML,Energy
2020-06-30,209.345,3.69,16495280,,4.5169,NML,Energy
2020-07-31,208.0719,3.67,15080970,,4.2155,NML,Energy
2020-08-31,207.6761,3.67,15257260,,4.1723,NML,Energy
2020-09-30,190.0837,3.35,9852781,,3.7107,NML,Energy
2020-10-30,197.2949,3.48,19490990,,3.8081,NML,Energy
2020-11-30,241.7938,4.27,21251340,,5.1642,NML,Energy
2020-12-31,251.4992,4.44,28553820,,5.3262,NML,Energy
2021-01-29,270.1169,4.77,24773820,,5.6932,NML,Energy
2021-02-26,283.5075,5,23482260,,6.2243,NML,Energy
2021-03-31,304.1185,5.37,21048000,,6.709,NML,Energy
2021-04-30,324.3412,5.72,13773860,,7.229,NML,Energy
2021-05-31,337.1871,5.95,13691310,,7.7179,NML,Energy
2021-06-30,355.3649,6.27,19767260,,8.062,NML,Energy
2021-07-30,340.7744,6.01,13131760,,7.7335,NML,Energy
2021-08-31,340.7338,6.01,11311340,,7.7757,NML,Energy
2021-09-30,352.9995,6.23,9889001,,8.0302,NML,Energy
2021-10-29,381.8479,6.74,17065310,,8.7734,NML,Energy
2021-11-30,358.2004,6.32,16902040,,8.2259,NML,Energy
2021-12-31,368.3782,6.5,24157570,,8.6145,NML,Energy
2022-01-31,397.8246,7.02,17556690,,9.1837,NML,Energy
2022-02-28,426.5219,7.53,16235840,,9.7247,NML,Energy
2022-03-31,467.752,8.26,23251970,,10.6837,NML,Energy
2022-04-29,450.8373,7.96,25217560,,10.6498,NML,Energy
2022-05-31,490.0691,8.65,24973710,,11.5199,NML,Energy
2022-06-30,416.791,7.35,23115920,,10.0497,NML,Energy
2022-07-29,478.3602,8.44,15066150,,11.5805,NML,Energy
2022-08-31,487.4992,8.6,24060210,,12.0385,NML,Energy
2022-09-30,424.0268,7.48,20893620,,10.3511,NML,Energy
2022-10-31,481.2164,8.49,15751740,,11.7631,NML,Energy
2022-11-30,494.825,8.73,30212230,,12.2787,NML,Energy
2022-12-30,458.4542,8.09,22319700,,11.4389,NML,Energy
2023-01-31,473.3731,8.35,29268950,,12.5554,NML,Energy
2023-02-28,449.3308,7.93,24537780,,12.4481,NML,Energy
2023-03-31,443.196,7.82,23462970,,11.574,NML,Energy
2023-04-28,449.1874,7.93,18613190,,11.7637,NML,Energy
2023-05-31,418.4563,7.39,21053600,,11.1921,NML,Energy
2023-06-30,441.5004,7.79,17937440,,12.4503,NML,Energy
2023-07-31,464.9173,8.21,25928310,,13.0154,NML,Energy
2023-08-31,463.2462,8.18,25590760,,13.0485,NML,Energy
2023-09-29,445.2865,7.86,26795810,,12.7669,NML,Energy
2023-10-31,436.6805,7.71,29766130,,11.9987,NML,Energy
2023-11-30,454.0595,8.01,24079570,,13.0479,NML,Energy
2023-12-29,443.4689,7.83,25778040,,13.1029,NML,Energy
2024-01-31,435.1231,7.68,30076880,,12.8504,NML,Energy
2024-02-29,460.0732,8.12,31359280,,13.4318,NML,Energy
2024-03-29,487.4082,8.6,30376570,,14.4021,NML,Energy
2024-04-30,482.7113,8.52,45347690,,14.4205,NML,Energy
2024-05-31,498.3109,8.79,38060680,,15.3636,NML,Energy
2024-06-28,500.4216,8.83,28486520,,16.0016,NML,Energy
2024-07-31,501.1778,8.85,46281580,,16.1791,NML,Energy
2024-08-30,508.9281,8.98,29348330,,16.4402,NML,Energy
2024-09-30,510.9699,9.02,26877870,,16.7642,NML,Energy
2024-10-31,518.0218,9.1428,29476920,,17.0466,NML,Energy
2024-11-29,576.8963,10.34,35109390,,19.562,NML,Energy
2024-12-31,546.9702,9.65,36150140,,18.4196,NML,Energy
2025-01-31,576.8055,9.95,45345440,,19.1462,NML,Energy
2025-02-28,562.8458,9.93,26469620,,18.909,NML,Energy
2025-03-31,575.151,10.15,30274360,,19.1386,NML,Energy
2025-04-30,523.0547,9.23,44513980,,17.5187,NML,Energy
2025-05-30,536.6032,9.47,30031530,,18.3908,NML,Energy
2025-06-30,556.9908,9.84,24766050,,19.5313,NML,Energy
2025-07-31,556.9908,9.6,43773320,,19.1379,NML,Energy
2025-08-29,556.9908,9.58,29109310,,19.2034,NML,Energy
2025-09-30,556.9908,9.53,30093050,,19.3114,NML,Energy
2025-10-31,518.3999,9.14,42893960,,18.3119,NML,Energy
2015-10-30,7598,6542,,-212.7241,6569.91,03317136,Energy
2015-11-30,6629,5839,,-160.1606,5893.79,03317136,Energy
2015-12-31,5081,4678,,-240.8386,4752.77,03317136,Energy
2016-01-29,4175,4050,,-212.4192,4145.72,03317136,Energy
2016-02-29,4529,4100,,287.3296,4232.66,03317136,Energy
2016-03-31,5442,4574,,390.8922,4753.92,03317136,Energy
2016-04-29,6818,5492,,272.4544,5743.32,03317136,Energy
2016-05-31,7638,5515,,789.4198,5799.1,03317136,Energy
2016-06-30,7940,5742,,-8.8776,6070.1,03317136,Energy
2016-07-29,7985,5728,,62.8077,6086.33,03317136,Energy
2016-08-31,8443,5872,,257.7658,6271.3,03317136,Energy
2016-09-30,8573,5915,,66.285,6349.53,03317136,Energy
2016-10-31,8406,5743,,84.9127,6196.67,03317136,Energy
2016-11-30,8573,5872,,-21.9973,6368.86,03317136,Energy
2016-12-30,11171,6293,,1940.4323,6859.27,03317136,Energy
2017-01-31,12911,6494,,1357.7132,7111.97,03317136,Energy
2017-02-28,14184,6477,,1334.5806,7125.27,03317136,Energy
2017-03-31,14717,6470,,545.0561,7151.11,03317136,Energy
2017-04-28,14217,6349,,-225.7368,7050.11,03317136,Energy
2017-05-31,13449,5988,,40.8814,6681.3,03317136,Energy
2017-06-30,13470,5956,,87.9189,6679.78,03317136,Energy
2017-07-31,13197,6033,,-445.1269,6800.19,03317136,Energy
2017-08-31,12217,5744,,-349.684,6508.22,03317136,Energy
2017-09-29,11807,5833,,-600.0789,6643.1,03317136,Energy
2017-10-31,10928,5556,,-322.788,6360.04,03317136,Energy
2017-11-30,9817,5137,,-299.0567,5912.78,03317136,Energy
2017-12-29,10359,5533,,-211.9731,6403.7,03317136,Energy
2018-01-31,10437,5780,,-392.4031,6723.33,03317136,Energy
2018-02-28,9235,5197,,-158.0221,6079.52,03317136,Energy
2018-03-30,8104,4707,,-267.1217,5538.42,03317136,Energy
2018-04-30,8542,5013,,-86.6275,5935,03317136,Energy
2018-05-31,8888,5283,,-111.4588,6291.38,03317136,Energy
2018-06-29,8534,5141,,-116.9896,6156.45,03317136,Energy
2018-07-31,8672,5345,,-196.8553,6437.51,03317136,Energy
2018-08-31,8383,5325,,-263.2078,6448.31,03317136,Energy
2018-09-28,7906,5126,,-167.7834,6242.31,03317136,Energy
2018-10-31,7147,4712,,-131.5815,5771.77,03317136,Energy
2018-11-30,7061,4710,,-83.3035,5805.32,03317136,Energy
2018-12-31,6099,4163,,-152.4036,5164.5,03317136,Energy
2019-01-31,6899,4747,,-52.8915,5928.01,03317136,Energy
2019-02-28,6678,4654,,-87.7222,5849.42,03317136,Energy
2019-03-29,6694,4750,,-121.4524,6008.4,03317136,Energy
2019-04-30,6567,4723,,-89.8154,6011.4,03317136,Energy
2019-05-31,6159,4485,,-79.739,5745.29,03317136,Energy
2019-06-28,6122,4489,,-42.4319,5789.07,03317136,Energy
2019-07-31,5925,4437,,-129.6708,5758.9,03317136,Energy
2019-08-30,5357,4106,,-125.5122,5367.95,03317136,Energy
2019-09-30,5419,4173,,-26.2025,5494.8,03317136,Energy
2019-10-31,5091,3952,,-42.3352,5242.59,03317136,Energy
2019-11-29,4493,3789,,-390.4238,5065.82,03317136,Energy
2019-12-31,4561,3967,,-140.1689,5345.11,03317136,Energy
2020-01-31,4193,3746,,-116.3641,5085.2,03317136,Energy
2020-02-28,3505,3177,,-57.6429,4330.22,03317136,Energy
2020-03-31,1809,1634,,-0.6629,2245.13,03317136,Energy
2020-04-30,2673,2405,,7.2761,3328.57,03317136,Energy
2020-05-29,3147,2776,,58.0569,3865.51,03317136,Energy
2020-06-30,2948,2563,,58.6742,3588.59,03317136,Energy
2020-07-31,2841,2488,,-21.3383,3505.14,03317136,Energy
2020-08-31,2782,2478,,-49.1148,3510.93,03317136,Energy
2020-09-30,2419,2199,,-50.7607,3136.27,03317136,Energy
2020-10-30,2415,2235,,-43.987,3201.5,03317136,Energy
2020-11-30,2908,2777,,-86.3889,3994.27,03317136,Energy
2020-12-31,2701,2727,,-161.0865,3935.53,03317136,Energy
2021-01-29,2793,2901,,-82.16,4200.32,03317136,Energy
2021-02-26,2927,3140,,-92.7883,4561.23,03317136,Energy
2021-03-31,2906,3222,,-100.3601,4694.06,03317136,Energy
2021-04-30,3014,3468,,-110.2875,5067.92,03317136,Energy
2021-05-31,3069,3602,,-61.8931,5278.62,03317136,Energy
2021-06-30,3091,3747,,-102.6476,5505.18,03317136,Energy
2021-07-30,2936,3631,,-60.5083,5348.89,03317136,Energy
2021-08-31,2769,3552,,-101.6076,5247.14,03317136,Energy
2021-09-30,2722,3693,,-151.2727,5470.92,03317136,Energy
2021-10-29,2788,3875,,-68.6665,5755.37,03317136,Energy
2021-11-30,2597,3723,,-83.7384,5543.96,03317136,Energy
2021-12-31,2429,3642,,-110.8791,5438.24,03317136,Energy
2022-01-31,2475,3753,,-28.0943,5618.6,03317136,Energy
2022-02-28,2491,3874,,-63.1284,5814.93,03317136,Energy
2022-03-31,2635,4212,,-70.7715,6337.98,03317136,Energy
2022-04-29,2546,4039,,19.9261,6092.11,03317136,Energy
2022-05-31,2691,4241,,17.3491,6413.09,03317136,Energy
2022-06-30,2395,3825,,-34.3052,5797.98,03317136,Energy
2022-07-29,2570,4113,,-5.2349,6251.16,03317136,Energy
2022-08-31,2527,4122,,-49.0877,6279.74,03317136,Energy
2022-09-30,2243,3672,,-8.1392,5607.44,03317136,Energy
2022-10-31,2366,3926,,-31.6989,6011.75,03317136,Energy
2022-11-30,2414,4042,,-21.5434,6204.81,03317136,Energy
2022-12-30,2295,3841,,0.8536,5911.33,03317136,Energy
2023-01-31,2299,3830,,10.6608,5909.32,03317136,Energy
2023-02-28,2216,3721,,-17.2403,5756.2,03317136,Energy
2023-03-31,2135,3613,,-16.4974,5604.69,03317136,Energy
2023-04-28,2111,3619,,-27.9097,5629.12,03317136,Energy
2023-05-31,1956,3453,,-59.2352,5385.85,03317136,Energy
2023-06-30,2028,3601,,-11.7723,5632.4,03317136,Energy
2023-07-31,2021,3659,,-39.3528,5738.63,03317136,Energy
2023-08-31,1972,3608,,-20.6135,5674.29,03317136,Energy
2023-09-29,1832,3402,,-28.5302,5365.28,03317136,Energy
2023-10-31,1759,3332,,-35.6336,5270.54,03317136,Energy
2023-11-30,1821,3509,,-30.6172,5567.07,03317136,Energy
2023-12-29,1771,3533,,-62.1426,5621.49,03317136,Energy
2024-01-31,1696,3451,,-33.6617,5506.89,03317136,Energy
2024-02-29,1635,3400,,-35.6697,5441.86,03317136,Energy
2024-03-29,1681,3609,,-52.7666,5792.86,03317136,Energy
2024-04-30,1629,3567,,-32.4432,5741.77,03317136,Energy
2024-05-31,1631,3642,,-32.5692,5878.46,03317136,Energy
2024-06-28,1626,3693,,-27.6782,5977.05,03317136,Energy
2024-07-31,1635,3724,,-4.6186,6043.34,03317136,Energy
2024-08-30,1662,3804,,-7.9991,6190.01,03317136,Energy
2024-09-30,1661,3851,,-21.0612,6283.16,03317136,Energy
2024-10-31,1655,3939,,-44.0884,6442.88,03317136,Energy
2024-11-29,1808,4365,,-24.6179,7156.73,03317136,Energy
2024-12-31,1645,4048,,-32.3382,6652.98,03317136,Energy
2025-01-31,1733,4239,,10.7825,6983.88,03317136,Energy
2025-02-28,1652,4080,,-16.2476,6730.07,03317136,Energy
2025-03-31,1809,4209,,100.9559,6951.37,03317136,Energy
2025-04-30,1746,4095,,-14.4098,6771.88,03317136,Energy
2025-05-30,1737,4089,,-6.4032,6770.33,03317136,Energy
2025-06-30,1755,4191,,-24.9735,6947.58,03317136,Energy
2025-07-31,1619,4226,,-147.4763,7014.16,03317136,Energy
2025-08-29,1555,4216,,-59.8878,7005.95,03317136,Energy
2025-09-30,1548,4296,,-35.8614,7147.34,03317136,Energy
2025-10-31,1438,4075,,-31.111,6787.91,03317136,Energy
2015-10-30,61.06,8.76,,1.9422,8.76,ALEFX,Energy
2015-11-30,55.79,8.02,,-0.1147,8.02,ALEFX,Energy
2015-12-31,52.39,7.1,,2.8528,7.39,ALEFX,Energy
2016-01-29,50.67,6.76,,0.8026,7.03,ALEFX,Energy
2016-02-29,52.39,6.81,,1.2855,7.09,ALEFX,Energy
2016-03-31,60.02,7.53,,2.048,7.83,ALEFX,Energy
2016-04-29,67.81,8.28,,1.6863,8.61,ALEFX,Energy
2016-05-31,70.9,8.46,,1.5704,8.8,ALEFX,Energy
2016-06-30,75.41,8.91,,0.7511,9.27,ALEFX,Energy
2016-07-29,75.26,8.94,,-0.3475,9.3,ALEFX,Energy
2016-08-31,78.86,9.2,,1.3928,9.57,ALEFX,Energy
2016-09-30,82.69,9.69,,-0.3696,10.08,ALEFX,Energy
2016-10-31,77.94,9.25,,-0.9868,9.62,ALEFX,Energy
2016-11-30,82.2,9.61,,1.2129,10,ALEFX,Energy
2016-12-30,87.36,9.8,,3.477,10.4,ALEFX,Energy
2017-01-31,91.42,9.92,,2.9396,10.53,ALEFX,Energy
2017-02-28,92.43,9.98,,0.4332,10.59,ALEFX,Energy
2017-03-31,91.59,10.03,,-1.2123,10.64,ALEFX,Energy
2017-04-28,89.29,9.85,,-0.6671,10.45,ALEFX,Energy
2017-05-31,85.16,9.49,,-0.947,10.07,ALEFX,Energy
2017-06-30,85.21,9.61,,-0.9812,10.2,ALEFX,Energy
2017-07-31,87.93,9.88,,0.3085,10.49,ALEFX,Energy
2017-08-31,84.24,9.55,,-0.754,10.14,ALEFX,Energy
2017-09-29,86.57,9.8,,0.1206,10.4,ALEFX,Energy
2017-10-31,82.94,9.45,,-0.5388,10.03,ALEFX,Energy
2017-11-30,82.61,9.37,,0.3474,9.94,ALEFX,Energy
2017-12-29,85.42,9.53,,1.3859,10.31,ALEFX,Energy
2018-01-31,86.93,9.56,,1.2742,10.35,ALEFX,Energy
2018-02-28,76.91,8.55,,-0.8587,9.25,ALEFX,Energy
2018-03-30,72.4,8.25,,-1.8663,8.93,ALEFX,Energy
2018-04-30,76.7,8.66,,0.6515,9.37,ALEFX,Energy
2018-05-31,80.05,9.09,,-0.4289,9.84,ALEFX,Energy
2018-06-29,80.78,9.26,,-0.7018,10.02,ALEFX,Energy
2018-07-31,82.64,9.59,,-1.0403,10.38,ALEFX,Energy
2018-08-31,78.15,9.45,,-3.3381,10.23,ALEFX,Energy
2018-09-28,75.87,9.27,,-0.8789,10.03,ALEFX,Energy
2018-10-31,69.67,8.57,,-0.4548,9.27,ALEFX,Energy
2018-11-30,68.61,8.56,,-0.9948,9.26,ALEFX,Energy
2018-12-31,60.83,7.57,,0.159,8.36,ALEFX,Energy
2019-01-31,71.96,8.77,,1.4599,9.68,ALEFX,Energy
2019-02-28,77.28,8.88,,4.3266,9.8,ALEFX,Energy
2019-03-29,79.97,9.21,,-0.1527,10.17,ALEFX,Energy
2019-04-30,80.11,9.11,,1.0196,10.06,ALEFX,Energy
2019-05-31,76.27,8.92,,-2.1669,9.85,ALEFX,Energy
2019-06-28,78.24,9.18,,-0.3027,10.14,ALEFX,Energy
2019-07-31,76.46,8.98,,-0.0204,9.92,ALEFX,Energy
2019-08-30,71.97,8.71,,-2.2415,9.62,ALEFX,Energy
2019-09-30,72.64,8.93,,-1.1328,9.86,ALEFX,Energy
2019-10-31,68.2,8.59,,-1.6896,9.48,ALEFX,Energy
2019-11-29,66.26,8.41,,-0.5226,9.29,ALEFX,Energy
2019-12-31,70.65,8.96,,0.0161,10.06,ALEFX,Energy
2020-01-31,66.46,8.59,,-1.3379,9.65,ALEFX,Energy
2020-02-28,58.4,7.7,,-1.2858,8.65,ALEFX,Energy
2020-03-31,34.4,4.51,,-0.046,5.07,ALEFX,Energy
2020-04-30,45.51,5.96,,0.0956,6.69,ALEFX,Energy
2020-05-29,48.53,6.38,,-0.207,7.17,ALEFX,Energy
2020-06-30,45.62,6.18,,-1.3934,6.94,ALEFX,Energy
2020-07-31,44.11,6.14,,-1.173,6.9,ALEFX,Energy
2020-08-31,44.53,6.3,,-0.7238,7.08,ALEFX,Energy
2020-09-30,38.31,5.58,,-1.2513,6.27,ALEFX,Energy
2020-10-30,37.78,5.58,,-0.5534,6.27,ALEFX,Energy
2020-11-30,46.18,6.65,,1.2109,7.47,ALEFX,Energy
2020-12-31,52.69,6.53,,7.8025,7.54,ALEFX,Energy
2021-01-29,54.4,6.83,,-0.8616,7.88,ALEFX,Energy
2021-02-26,58.3,7.33,,-0.0545,8.46,ALEFX,Energy
2021-03-31,64.2,7.83,,1.9486,9.04,ALEFX,Energy
2021-04-30,67.39,8.29,,-0.5266,9.57,ALEFX,Energy
2021-05-31,73.53,8.84,,1.6195,10.2,ALEFX,Energy
2021-06-30,87.75,9.25,,10.7064,10.67,ALEFX,Energy
2021-07-30,65.8,8.84,,-18.883,10.2,ALEFX,Energy
2021-08-31,82.77,8.7,,18.0716,10.04,ALEFX,Energy
2021-09-30,85.23,9.1,,-1.2539,10.5,ALEFX,Energy
2021-10-29,93.42,9.58,,3.6385,11.06,ALEFX,Energy
2021-11-30,86.13,8.87,,-0.3357,10.24,ALEFX,Energy
2021-12-31,84.8,8.82,,-0.8058,10.38,ALEFX,Energy
2022-01-31,93.97,9.53,,2.4148,11.22,ALEFX,Energy
2022-02-28,101.05,9.95,,2.8596,11.71,ALEFX,Energy
2022-03-31,111.13,10.68,,2.5619,12.57,ALEFX,Energy
2022-04-29,111.1,10.44,,2.6302,12.29,ALEFX,Energy
2022-05-31,125.05,11.12,,6.2908,13.09,ALEFX,Energy
2022-06-30,107.45,9.64,,-0.8017,11.35,ALEFX,Energy
2022-07-29,112.45,10.67,,-5.8343,12.56,ALEFX,Energy
2022-08-31,115.03,10.66,,2.6768,12.55,ALEFX,Energy
2022-09-30,102.78,9.5,,0.4436,11.18,ALEFX,Energy
2022-10-31,117.2,10.62,,2.1806,12.5,ALEFX,Energy
2022-11-30,123.8,11.05,,1.7663,13.01,ALEFX,Energy
2022-12-30,114.49,9.9,,3.5135,12.18,ALEFX,Energy
2023-01-31,119.81,10.39,,-0.2691,12.78,ALEFX,Energy
2023-02-28,113.3,9.96,,-1.6369,12.25,ALEFX,Energy
2023-03-31,111.19,9.89,,-1.2264,12.17,ALEFX,Energy
2023-04-28,105.87,10.1,,-7.6036,12.43,ALEFX,Energy
2023-05-31,100.39,9.73,,-1.6104,11.97,ALEFX,Energy
2023-06-30,105.01,10.42,,-2.4301,12.82,ALEFX,Energy
2023-07-31,107.93,10.86,,-1.4241,13.36,ALEFX,Energy
2023-08-31,106.29,10.79,,-0.9525,13.28,ALEFX,Energy
2023-09-29,104.17,10.69,,-1.2022,13.15,ALEFX,Energy
2023-10-31,103.81,10.62,,0.3351,13.07,ALEFX,Energy
2023-11-30,109.4,11.36,,-1.523,13.98,ALEFX,Energy
2023-12-29,107.66,10.82,,3.3862,13.87,ALEFX,Energy
2024-01-31,105.48,10.87,,-2.7194,13.94,ALEFX,Energy
2024-02-29,108.58,11.31,,-1.09,14.5,ALEFX,Energy
2024-03-29,115.18,12.07,,-0.6978,15.48,ALEFX,Energy
2024-04-30,111.86,11.99,,-2.529,15.37,ALEFX,Energy
2024-05-31,131.26,12.41,,15.4059,15.91,ALEFX,Energy
2024-06-28,133.83,12.76,,-1.1315,16.36,ALEFX,Energy
2024-07-31,136.7,13.13,,-0.9686,16.84,ALEFX,Energy
2024-08-30,113.29,13.62,,-28.1049,17.46,ALEFX,Energy
2024-09-30,113.74,13.69,,-0.178,17.55,ALEFX,Energy
2024-10-31,117.52,14.2,,-0.4521,18.21,ALEFX,Energy
2024-11-29,133.22,16.19,,-0.7116,20.76,ALEFX,Energy
2024-12-31,125.34,14.28,,8.1694,19.51,ALEFX,Energy
2025-01-31,128.88,14.75,,-0.6101,20.15,ALEFX,Energy
2025-02-28,130.8,14.99,,-0.181,20.48,ALEFX,Energy
2025-03-31,130.69,15.2,,-1.8212,20.76,ALEFX,Energy
2025-04-30,116.96,14.27,,-5.6334,19.49,ALEFX,Energy
2025-05-30,117.48,14.62,,-2.3628,19.97,ALEFX,Energy
2025-06-30,121.04,15.05,,0.1257,20.56,ALEFX,Energy
2025-07-31,118.63,14.98,,-1.7673,20.46,ALEFX,Energy
2025-08-29,118.78,15.09,,-0.7688,20.61,ALEFX,Energy
2025-09-30,118.58,15.25,,-1.4006,20.83,ALEFX,Energy
2025-10-31,108.81,14.22,,-1.8508,19.42,ALEFX,Energy
2015-10-30,,,,,,USAI,Energy
2015-11-30,,,,,,USAI,Energy
2015-12-31,,,,,,USAI,Energy
2016-01-29,,,,,,USAI,Energy
2016-02-29,,,,,,USAI,Energy
2016-03-31,,,,,,USAI,Energy
2016-04-29,,,,,,USAI,Energy
2016-05-31,,,,,,USAI,Energy
2016-06-30,,,,,,USAI,Energy
2016-07-29,,,,,,USAI,Energy
2016-08-31,,,,,,USAI,Energy
2016-09-30,,,,,,USAI,Energy
2016-10-31,,,,,,USAI,Energy
2016-11-30,,,,,,USAI,Energy
2016-12-30,,,,,,USAI,Energy
2017-01-31,,,,,,USAI,Energy
2017-02-28,,,,,,USAI,Energy
2017-03-31,,,,,,USAI,Energy
2017-04-28,,,,,,USAI,Energy
2017-05-31,,,,,,USAI,Energy
2017-06-30,,,,,,USAI,Energy
2017-07-31,,,,,,USAI,Energy
2017-08-31,,,,,,USAI,Energy
2017-09-29,,,,,,USAI,Energy
2017-10-31,,,,,,USAI,Energy
2017-11-30,,,,,,USAI,Energy
2017-12-29,3.9065,26.0432,2855344,3.7719,25.9947,USAI,Energy
2018-01-31,3.9455,26.3032,1358493,0,26.4951,USAI,Energy
2018-02-28,3.5359,23.5724,219429.5,0,24.6687,USAI,Energy
2018-03-30,3.3741,22.4941,281798.6,0,22.7158,USAI,Energy
2018-04-30,3.5919,23.946,526499.3,0,24.1967,USAI,Energy
2018-05-31,5.1316,25.6582,1771555,1.2659,25.8901,USAI,Energy
2018-06-29,6.4388,25.7551,2223339,1.2978,26.3039,USAI,Energy
2018-07-31,7.9671,26.5571,2118368,1.2928,27.1233,USAI,Energy
2018-08-31,9.2021,26.2916,3035098,1.3569,26.8243,USAI,Energy
2018-09-28,10.1659,25.4148,1002420,1.291,26.401,USAI,Energy
2018-10-31,9.3533,23.3832,678575.8,0,24.3574,USAI,Energy
2018-11-30,9.2838,23.2096,253119.7,0,24.0061,USAI,Energy
2018-12-31,8.2173,20.5433,1482974,0,21.4968,USAI,Energy
2019-01-31,9.579,23.9476,870200.1,0,25.1261,USAI,Energy
2019-02-28,12.088,24.176,5305562,2.4433,25.3929,USAI,Energy
2019-03-29,18.7027,24.9369,20649980,5.9151,26.5499,USAI,Energy
2019-04-30,11.0445,24.5432,9326186,-7.5313,26.1268,USAI,Energy
2019-05-31,10.7462,23.8805,531153.5,0,25.4222,USAI,Energy
2019-06-28,10.9491,24.3314,286528.3,0,26.2796,USAI,Energy
2019-07-31,10.6697,23.7105,407012.8,0,25.6547,USAI,Energy
2019-08-30,10.3079,22.9063,398863.4,0,24.7871,USAI,Energy
2019-09-30,10.5522,23.4494,337552.7,0,25.8073,USAI,Energy
2019-10-31,11.1704,22.3409,2221097,1.1418,24.5304,USAI,Energy
2019-11-29,10.8968,21.7936,1422623,0,23.975,USAI,Energy
2019-12-31,11.6904,23.3808,1622181,0.0101,26.1472,USAI,Energy
2020-01-31,11.0685,22.137,679668.8,0,24.8375,USAI,Energy
2020-02-28,9.6037,19.2073,1411614,0,21.6682,USAI,Energy
2020-03-31,6.0141,10.9348,1860412,0.9686,12.6212,USAI,Energy
2020-04-30,9.7213,14.9558,2887591,1.4013,17.5843,USAI,Energy
2020-05-29,12.8625,16.0781,3586042,2.3823,19.0386,USAI,Energy
2020-06-30,14.1384,15.7093,3725758,1.7065,18.5743,USAI,Energy
2020-07-31,13.4277,15.7973,1122692,-0.7735,18.7438,USAI,Energy
2020-08-31,13.9594,16.4228,770978.9,0,19.6856,USAI,Energy
2020-09-30,11.9496,14.937,762922.4,-0.759,17.9343,USAI,Energy
2020-10-30,11.9661,14.9576,807364.3,0,17.9957,USAI,Energy
2020-11-30,14.2993,17.8741,977912.9,0,21.639,USAI,Energy
2020-12-31,13.6488,18.1984,3309487,-0.9767,22.2102,USAI,Energy
2021-01-29,15.0201,18.7751,1269363,1.0625,23.0909,USAI,Energy
2021-02-26,16.0887,20.1108,670485.2,0,24.9044,USAI,Energy
2021-03-31,18.1846,21.3937,3635852,1.0741,26.7366,USAI,Energy
2021-04-30,20.168,22.4089,970020.6,1.079,28.1034,USAI,Energy
2021-05-31,22.7342,23.9308,4005928,1.1822,30.1636,USAI,Energy
2021-06-30,24.7267,24.7267,3488698,1.3014,31.2196,USAI,Energy
2021-07-30,23.5053,23.5053,1628951,0,29.8312,USAI,Energy
2021-08-31,23.0085,23.0085,1118722,0,29.3189,USAI,Energy
2021-09-30,24.1215,24.1215,817379,-0.002,30.953,USAI,Energy
2021-10-29,25.3089,25.3089,1183875,0,32.5006,USAI,Energy
2021-11-30,23.2228,23.2228,1371431,0,30.0341,USAI,Energy
2021-12-31,23.3993,23.3993,3345771,0,30.4505,USAI,Energy
2022-01-31,27.6226,25.1115,2500867,2.433,32.8845,USAI,Energy
2022-02-28,29.0633,26.4212,2775661,0,34.6717,USAI,Energy
2022-03-31,34.3571,28.6309,5272175,2.7075,37.8612,USAI,Energy
2022-04-29,37.4962,27.775,6667876,4.3535,36.811,USAI,Energy
2022-05-31,46.2731,29.8536,14588220,5.9115,39.6975,USAI,Energy
2022-06-30,41.9917,25.4495,6426352,3.0577,33.9124,USAI,Energy
2022-07-29,46.7048,28.3059,4042398,0,38.0571,USAI,Energy
2022-08-31,46.7044,28.3057,3739442,0,38.1578,USAI,Energy
2022-09-30,41.1373,24.9317,3303379,0,33.7723,USAI,Energy
2022-10-31,47.3763,27.8684,4745494,1.3353,37.9363,USAI,Energy
2022-11-30,50.2364,28.7065,3263174,1.4169,39.2171,USAI,Energy
2022-12-30,46.6593,26.6625,2621548,0,36.4923,USAI,Energy
2023-01-31,48.6027,27.773,4218192,0,38.3011,USAI,Energy
2023-02-28,49.0715,26.5251,4070016,2.7763,36.7465,USAI,Energy
2023-03-31,48.0565,25.9765,2748689,0,36.1268,USAI,Energy
2023-04-28,48.9562,26.4628,5316743,0,36.9102,USAI,Energy
2023-05-31,44.099,25.1994,2848967,-2.5768,35.2783,USAI,Energy
2023-06-30,47.5614,27.178,3047896,0,38.2993,USAI,Energy
2023-07-31,46.1172,27.9498,1245728,-2.7334,39.4706,USAI,Energy
2023-08-31,44.5627,27.8517,1557751,-1.3958,39.5338,USAI,Energy
2023-09-29,43.8377,27.3986,1283507,0,39.0918,USAI,Energy
2023-10-31,43.3884,27.1178,1178600,0,38.8166,USAI,Energy
2023-11-30,46.6477,29.1548,1142238,0,41.9126,USAI,Energy
2023-12-29,46.1161,28.8225,4037938,0,41.6825,USAI,Energy
2024-01-31,49.1165,28.892,8562163,2.8825,42.0055,USAI,Energy
2024-02-29,50.869,29.9229,4010399,0,43.5714,USAI,Energy
2024-03-29,53.8912,31.7007,2754477,0,46.395,USAI,Energy
2024-04-30,53.0331,31.1959,3549205,0,45.8131,USAI,Energy
2024-05-31,54.8424,32.2602,6327540,0,47.4543,USAI,Energy
2024-06-28,56.4627,33.2134,3360823,0.0021,49.0719,USAI,Energy
2024-07-31,58.0107,34.124,5959605,0,50.6168,USAI,Energy
2024-08-30,59.276,34.8682,3957509,0,51.7868,USAI,Energy
2024-09-30,59.4667,34.9804,2736094,-0.0098,52.3426,USAI,Energy
2024-10-31,63.9054,36.5174,6415691,1.8287,54.8646,USAI,Energy
2024-11-29,77.2902,41.7785,10952110,4.0692,62.9752,USAI,Energy
2024-12-31,77.4934,39.7402,14267560,4.0063,60.0168,USAI,Energy
2025-01-31,89.8711,40.8505,23464490,10.4999,62.0436,USAI,Energy
2025-02-28,93.8743,40.8149,13624090,4.1114,62.1077,USAI,Energy
2025-03-31,96.5986,41.1058,10692240,2.088,62.7488,USAI,Energy
2025-04-30,89.7813,38.2048,10671910,0,58.5542,USAI,Energy
2025-05-30,92.1357,39.2067,8491040,0,60.2811,USAI,Energy
2025-06-30,95.7539,40.7463,5367932,0.0048,62.9055,USAI,Energy
2025-07-31,94.197,40.0838,9027201,0,62.174,USAI,Energy
2025-08-29,91.7964,39.9115,10072900,-1.9748,61.998,USAI,Energy
2025-09-30,85.7512,39.8843,11368580,-5.9318,62.3097,USAI,Energy
2025-10-31,79.5549,37.0023,11356650,0,58.1535,USAI,Energy
2015-10-30,,10.4293,1151846,,10.5212,ESP,Energy
2015-11-30,,10.3253,2043380,,10.2874,ESP,Energy
2015-12-31,19.7252,8.1454,2795858,,8.2139,ESP,Energy
2016-01-29,19.7252,7.5619,2489177,,7.5887,ESP,Energy
2016-02-29,19.7252,7.0069,1055404,,8.6769,ESP,Energy
2016-03-31,19.7252,8.6603,1380523,,9.9777,ESP,Energy
2016-04-29,19.7252,10.545,4793818,,11.6138,ESP,Energy
2016-05-31,19.7252,10.36,1332779,,12.1965,ESP,Energy
2016-06-30,19.7252,9.8859,2286713,,11.2921,ESP,Energy
2016-07-29,19.7252,9.6084,1040872,,11.2435,ESP,Energy
2016-08-31,19.7252,10.0825,1337096,,12.0937,ESP,Energy
2016-09-30,24.3467,10.5778,1806303,,12.5123,ESP,Energy
2016-10-31,23.277,10.113,1754226,,12.8841,ESP,Energy
2016-11-30,26.2676,11.4123,2066308,,13.7735,ESP,Energy
2016-12-30,25.6149,11.1288,2684089,,13.7982,ESP,Energy
2017-01-31,21.9916,9.5546,2665824,,13.546,ESP,Energy
2017-02-28,24.499,8.8215,2800839,,13.87,ESP,Energy
2017-03-31,22.6778,8.166,2093070,,13.2032,ESP,Energy
2017-04-28,20.1502,7.2559,991046,,13.188,ESP,Energy
2017-05-31,15.9485,5.7429,2699002,,11.6765,ESP,Energy
2017-06-30,13.6055,4.8992,9493493,,12.3771,ESP,Energy
2017-07-31,14.8085,5.3324,2820095,,11.0927,ESP,Energy
2017-08-31,11.4942,4.1389,2078826,,8.7574,ESP,Energy
2017-09-29,16.7398,6.0278,1872511,,9.7207,ESP,Energy
2017-10-31,16.5079,5.9443,1239411,,8.9909,ESP,Energy
2017-11-30,16.0788,5.7898,2913349,,9.2831,ESP,Energy
2017-12-29,17.4744,6.2923,2220050,,9.1793,ESP,Energy
2018-01-31,17.1815,6.1868,4051070,,10.3815,ESP,Energy
2018-02-28,11.4956,4.1394,2414101,,9.0124,ESP,Energy
2018-03-30,12.6273,4.5469,1704036,,8.1247,ESP,Energy
2018-04-30,17.3492,6.2472,2153307,,9.7811,ESP,Energy
2018-05-31,17.4294,6.2761,4084052,,11.7524,ESP,Energy
2018-06-29,18.131,6.5287,2444943,,10.2582,ESP,Energy
2018-07-31,17.443,6.281,1970100,,10.3384,ESP,Energy
2018-08-31,14.5464,5.238,1835914,,9.1914,ESP,Energy
2018-09-28,14.9471,5.3823,1712558,,8.2487,ESP,Energy
2018-10-31,7.3982,2.664,1615427,,4.9021,ESP,Energy
2018-11-30,4.6635,1.6793,989414.3,,3.1581,ESP,Energy
2018-12-31,0.1773,0.0694,747593,,3.7551,ESP,Energy
2019-01-31,3.5947,1.2944,1670114,,5.4991,ESP,Energy
2019-02-28,4.4718,1.6102,650527.8,,4.8707,ESP,Energy
2019-03-29,4.8719,1.7543,606289.6,,4.525,ESP,Energy
2019-04-30,6.8654,2.4722,619624.6,,4.9492,ESP,Energy
2019-05-31,2.218,0.7987,476546.5,,3.2995,ESP,Energy
2019-06-28,3.5947,1.2944,225214.4,,3.0952,ESP,Energy
2019-07-31,2.0289,0.7306,183624.3,,2.9067,ESP,Energy
2019-08-30,0.0076,0.0027,152444.5,,1.964,ESP,Energy
2019-09-30,1.6564,0.5964,244283.3,,2.2782,ESP,Energy
2019-10-31,0,0,220826.4,,2.1211,ESP,Energy
2019-11-29,0.2352,0.0847,190557.2,,1.8069,ESP,Energy
2019-12-31,2.619,0.9431,395986.5,,2.2154,ESP,Energy
2020-01-31,0.2213,0.0797,400812,,1.964,ESP,Energy
2020-02-28,0.4054,0.146,255087.7,,1.2727,ESP,Energy
2020-03-31,0.4054,0.146,227535.1,,0.597,ESP,Energy
2020-04-30,0.4054,0.146,127529.3,,1.6812,ESP,Energy
2020-05-29,0.4054,0.146,39351.94,,1.2098,ESP,Energy
2020-06-30,0.4054,0.146,33100.6,,1.0213,ESP,Energy
2020-07-31,0.4054,0.146,19178.74,,0.7856,ESP,Energy
2020-08-31,0.4054,0.146,9840.13,,0.707,ESP,Energy
2020-09-30,0.4054,0.146,10169.75,,0.5499,ESP,Energy
2020-10-30,0.4054,0.146,11238.3,,0.597,ESP,Energy
2020-11-30,0.4054,0.146,35165.27,,0.7856,ESP,Energy
2020-12-31,0.4054,0.146,34192.78,,0.7856,ESP,Energy
2021-01-29,0.4054,0.146,701928.7,,1.9797,ESP,Energy
2021-02-26,0.4054,0.146,121183.8,,2.5453,ESP,Energy
2021-03-31,0.4054,0.146,218845.4,,2.8281,ESP,Energy
2021-04-30,0.4054,0.146,103567.1,,2.4353,ESP,Energy
2021-05-31,0.4054,0.146,18376.72,,2.4039,ESP,Energy
2021-06-30,0.4054,0.146,157012.9,,2.6867,ESP,Energy
2021-07-30,0.4054,0.146,21205.36,,2.1997,ESP,Energy
2021-08-31,0.4054,0.146,35711.19,,1.854,ESP,Energy
2021-09-30,0.4054,0.146,62714.27,,2.891,ESP,Energy
2021-10-29,0.0469,0.0578,238108.2,,3.6137,ESP,Energy
2021-11-30,0.1344,0.0116,85693.79,,3.1424,ESP,Energy
2021-12-31,0.1344,0.0116,47337.78,,2.9224,ESP,Energy
2022-01-31,1.489,1.8153,315099.8,,4.2893,ESP,Energy
2022-02-28,2.4,2.9137,466043.1,,4.7921,ESP,Energy
2022-03-31,3.4693,4.2203,3457918,,7.2274,ESP,Energy
2022-04-29,3.5012,4.255,443138.6,,7.0232,ESP,Energy
2022-05-31,5.568,6.7756,822536.6,,10.6683,ESP,Energy
2022-06-30,2.6988,3.2837,933373.2,,7.1017,ESP,Energy
2022-07-29,3.3653,4.0931,187656.9,,6.5204,ESP,Energy
2022-08-31,4.2567,4.4747,196970.5,,6.976,ESP,Energy
2022-09-30,2.25,2.7403,283919.8,,4.9649,ESP,Energy
2022-10-31,5.0002,6.209,1059006,,8.5001,ESP,Energy
2022-11-30,4.8009,5.839,1720794,,9.6724,ESP,Energy
2022-12-30,3.8234,4.6481,806610.8,,7.8338,ESP,Energy
2023-01-31,3.993,4.8562,465288.3,,7.7699,ESP,Energy
2023-02-28,2.8492,3.4687,357951.7,,7.2423,ESP,Energy
2023-03-31,2.6178,3.1797,427098.3,,6.347,ESP,Energy
2023-04-28,2.885,3.51,149490.9,,5.918,ESP,Energy
2023-05-31,1.7879,2.17,107032.4,,5.033,ESP,Energy
2023-06-30,2.2759,2.77,180662,,4.8256,ESP,Energy
2023-07-31,3.1736,3.86,199482.3,,5.7797,ESP,Energy
2023-08-31,3.5364,4.3,376851.3,,5.6138,ESP,Energy
2023-09-29,3.6616,4.45,746031.7,,6.2913,ESP,Energy
2023-10-31,3.3763,4.11,464745.6,,5.3511,ESP,Energy
2023-11-30,2.847,3.46,214852.3,,4.7288,ESP,Energy
2023-12-29,2.5251,3.0704,147849.7,,4.6182,ESP,Energy
2024-01-31,2.485,3.0216,225130.7,,4.1481,ESP,Energy
2024-02-29,2.9517,3.589,124231,,4.7012,ESP,Energy
2024-03-29,3.8641,4.8412,306708.4,,6.3604,ESP,Energy
2024-04-30,3.8898,4.8735,532884.4,,7.3273,ESP,Energy
2024-05-31,3.9785,4.9845,928196.5,,6.8341,ESP,Energy
2024-06-28,3.5269,4.4188,339842,,6.0591,ESP,Energy
2024-07-31,3.6175,4.5322,248799.4,,6.045,ESP,Energy
2024-08-30,3.6216,4.5374,370309.8,,5.8759,ESP,Energy
2024-09-30,3.5415,4.4371,256065.6,,6.1718,ESP,Energy
2024-10-31,3.931,4.9251,870067.3,,7.1159,ESP,Energy
2024-11-29,4.5858,5.7455,1541108,,9.6316,ESP,Energy
2024-12-31,3.6378,4.5577,1877961,,7.9534,ESP,Energy
2025-01-31,3.9567,4.7593,1337558,,7.9826,ESP,Energy
2025-02-28,3.9181,4.4214,782951,,7.8785,ESP,Energy
2025-03-31,4.4445,4.6639,1773103,,7.6664,ESP,Energy
2025-04-30,3.9383,3.9267,1273508,,7.5603,ESP,Energy
2025-05-30,4.4414,4.4283,540200.2,,6.9846,ESP,Energy
2025-06-30,4.8724,4.858,1365845,,6.9543,ESP,Energy
2025-07-31,4.72,4.581,607291.3,,6.7422,ESP,Energy
2025-08-29,4.6728,4.5351,499967.2,,6.5907,ESP,Energy
2025-09-30,5.1661,5.0139,595814.5,,6.7422,ESP,Energy
2025-10-31,5.0422,4.8936,285913.2,,6.8179,ESP,Energy
2015-10-30,,,,,,REGFSGA,Energy
2015-11-30,,,,,,REGFSGA,Energy
2015-12-31,,,,,,REGFSGA,Energy
2016-01-29,,,,,,REGFSGA,Energy
2016-02-29,,,,,,REGFSGA,Energy
2016-03-31,,,,,,REGFSGA,Energy
2016-04-29,,,,,,REGFSGA,Energy
2016-05-31,,,,,,REGFSGA,Energy
2016-06-30,,,,,,REGFSGA,Energy
2016-07-29,,,,,,REGFSGA,Energy
2016-08-31,,,,,,REGFSGA,Energy
2016-09-30,,,,,,REGFSGA,Energy
2016-10-31,,,,,,REGFSGA,Energy
2016-11-30,,,,,,REGFSGA,Energy
2016-12-30,,,,,,REGFSGA,Energy
2017-01-31,,,,,,REGFSGA,Energy
2017-02-28,,,,,,REGFSGA,Energy
2017-03-31,,,,,,REGFSGA,Energy
2017-04-28,,,,,,REGFSGA,Energy
2017-05-31,,,,,,REGFSGA,Energy
2017-06-30,,,,,,REGFSGA,Energy
2017-07-31,,,,,,REGFSGA,Energy
2017-08-31,,,,,,REGFSGA,Energy
2017-09-29,,,,,,REGFSGA,Energy
2017-10-31,,,,,,REGFSGA,Energy
2017-11-30,,,,,,REGFSGA,Energy
2017-12-29,,,,,,REGFSGA,Energy
2018-01-31,,,,,,REGFSGA,Energy
2018-02-28,,,,,,REGFSGA,Energy
2018-03-30,,,,,,REGFSGA,Energy
2018-04-30,,,,,,REGFSGA,Energy
2018-05-31,,,,,,REGFSGA,Energy
2018-06-29,,,,,,REGFSGA,Energy
2018-07-31,,,,,,REGFSGA,Energy
2018-08-31,,,,,,REGFSGA,Energy
2018-09-28,,,,,,REGFSGA,Energy
2018-10-31,,,,,,REGFSGA,Energy
2018-11-30,,,,,,REGFSGA,Energy
2018-12-31,,,,,,REGFSGA,Energy
2019-01-31,,,,,,REGFSGA,Energy
2019-02-28,,,,,,REGFSGA,Energy
2019-03-29,,,,,,REGFSGA,Energy
2019-04-30,,,,,,REGFSGA,Energy
2019-05-31,,,,,,REGFSGA,Energy
2019-06-28,,,,,,REGFSGA,Energy
2019-07-31,,,,,,REGFSGA,Energy
2019-08-30,,,,,,REGFSGA,Energy
2019-09-30,,,,,,REGFSGA,Energy
2019-10-31,,,,,,REGFSGA,Energy
2019-11-29,,,,,,REGFSGA,Energy
2019-12-31,,,,,,REGFSGA,Energy
2020-01-31,,,,,,REGFSGA,Energy
2020-02-28,,,,,,REGFSGA,Energy
2020-03-31,,,,,,REGFSGA,Energy
2020-04-30,,,,,,REGFSGA,Energy
2020-05-29,,,,,,REGFSGA,Energy
2020-06-30,,,,,,REGFSGA,Energy
2020-07-31,,,,,,REGFSGA,Energy
2020-08-31,,,,,,REGFSGA,Energy
2020-09-30,,,,,,REGFSGA,Energy
2020-10-30,,,,,,REGFSGA,Energy
2020-11-30,,,,,,REGFSGA,Energy
2020-12-31,,,,,,REGFSGA,Energy
2021-01-29,,,,,,REGFSGA,Energy
2021-02-26,,,,,,REGFSGA,Energy
2021-03-31,,,,,,REGFSGA,Energy
2021-04-30,,,,,,REGFSGA,Energy
2021-05-31,,,,,,REGFSGA,Energy
2021-06-30,,,,,,REGFSGA,Energy
2021-07-30,,,,,,REGFSGA,Energy
2021-08-31,,,,,,REGFSGA,Energy
2021-09-30,,,,,,REGFSGA,Energy
2021-10-29,,,,,,REGFSGA,Energy
2021-11-30,,,,,,REGFSGA,Energy
2021-12-31,,,,,,REGFSGA,Energy
2022-01-31,,,,,,REGFSGA,Energy
2022-02-28,,,,,,REGFSGA,Energy
2022-03-31,,,,,,REGFSGA,Energy
2022-04-29,,,,,,REGFSGA,Energy
2022-05-31,,,,,,REGFSGA,Energy
2022-06-30,,,,,,REGFSGA,Energy
2022-07-29,,,,,,REGFSGA,Energy
2022-08-31,,,,,,REGFSGA,Energy
2022-09-30,,,,,,REGFSGA,Energy
2022-10-31,,,,,,REGFSGA,Energy
2022-11-30,,,,,,REGFSGA,Energy
2022-12-30,,,,,,REGFSGA,Energy
2023-01-31,,,,,,REGFSGA,Energy
2023-02-28,,,,,,REGFSGA,Energy
2023-03-31,,,,,,REGFSGA,Energy
2023-04-28,,,,,,REGFSGA,Energy
2023-05-31,,,,,,REGFSGA,Energy
2023-06-30,,,,,,REGFSGA,Energy
2023-07-31,,,,,,REGFSGA,Energy
2023-08-31,,,,,,REGFSGA,Energy
2023-09-29,,,,,,REGFSGA,Energy
2023-10-31,,,,,,REGFSGA,Energy
2023-11-30,,,,,,REGFSGA,Energy
2023-12-29,,,,,,REGFSGA,Energy
2024-01-31,,,,,,REGFSGA,Energy
2024-02-29,,,,,,REGFSGA,Energy
2024-03-29,,,,,,REGFSGA,Energy
2024-04-30,,,,,,REGFSGA,Energy
2024-05-31,,,,,,REGFSGA,Energy
2024-06-28,,,,,,REGFSGA,Energy
2024-07-31,,,,,,REGFSGA,Energy
2024-08-30,,,,,,REGFSGA,Energy
2024-09-30,,,,,,REGFSGA,Energy
2024-10-31,,,,,,REGFSGA,Energy
2024-11-29,,,,,,REGFSGA,Energy
2024-12-31,,,,,,REGFSGA,Energy
2025-01-31,,,,,,REGFSGA,Energy
2025-02-28,,,,,,REGFSGA,Energy
2025-03-31,,,,,,REGFSGA,Energy
2025-04-30,,,,,,REGFSGA,Energy
2025-05-30,,,,,,REGFSGA,Energy
2025-06-30,,,,,,REGFSGA,Energy
2025-07-31,,,,,,REGFSGA,Energy
2025-08-29,,,,,,REGFSGA,Energy
2025-09-30,12.43364555,99.7464,,0,99.7464,REGFSGA,Energy
2025-10-31,13.1125224,105.8638,,0.0007,105.8638,REGFSGA,Energy
